run_id,group,architecture,attack,target_uav,run_epoch,post_fix,duration_sec,errored,valid,exclusion_reason,detected,mttd_s,isolation_success,time_to_isolation_s,mttr_functional_s,degradation_stopped,total_response_time_s,mission_degradation_m,stabilisation_level_m,residual_mission_func,baseline_track_error_m,phase_excess_m,phase_peak_m,phase_baseline_m,geometry_excess_m,geometry_peak_m,geometry_baseline_m,legacy_coordination_loss,legacy_coordination_restored,belief_peak_horiz_m,ratio_peak,ratio_n_above,ratio_maxcons_post,ratio_maxcons_full,ratio_maxcons_post_fleet,ratio_maxcons_full_fleet,ratio_first_cross_s,mesh_pub_msgs,mesh_pub_bytes,mesh_del_msgs,mesh_drop_msgs,fp_events_clean,fp_detectors,fp_gps,fp_heartbeat,fp_cross_check
A_comm_disruption_r1_1785310399,std_pass1,A,comm_disruption,uav_0,1785310399,True,157.7009003162384,False,True,,True,3.428455352783203,False,6.580352783203125e-05,0.0926370620727539,True,,0.3072368579436111,-0.21128536079489219,0.6666666666666666,0.2829074938517403,87.999017066048,122.85889970658252,34.85988264053452,0.0,31.587414754175498,35.188425750342546,0.33333333333333337,0.6666666666666666,1.0684,0.064,0,0,0,0,2,,0,0,0,0,0,,0,0,0
A_comm_disruption_r2_1785310621,std_pass1,A,comm_disruption,uav_0,1785310621,True,157.6979866027832,False,True,,True,3.438520908355713,True,5.364418029785156e-05,0.20168304443359375,True,,0.3920538266773592,-0.24988931511242396,1.0,0.3154053849372609,105.67665061622739,125.3132318377688,19.636581221541405,33.603542357259656,40.83399468236067,7.230452325101012,0.0,1.0,0.9773,0.0353,0,0,0,0,0,,0,0,0,0,0,,0,0,0
A_comm_disruption_r3_1785310843,std_pass1,A,comm_disruption,uav_0,1785310843,True,156.7103555202484,False,True,,True,3.369656801223755,True,5.340576171875e-05,0.05689835548400879,True,,1.8252568874071513,-0.20559952673929172,1.0,0.28216786938174465,110.40860478480607,115.11669447399373,4.708089689187659,35.07483815903861,38.163855244280526,3.089017085241916,0.0,1.0,0.9806,0.044,0,0,0,0,0,,0,0,0,0,0,,0,0,0
A_comm_disruption_r4_1785311064,std_pass1,A,comm_disruption,uav_0,1785311064,True,156.19681358337402,False,True,,True,3.414853096008301,True,5.507469177246094e-05,25.01117753982544,True,,8.006743040339245,-0.35435296658550863,1.0,0.43294213420785255,103.98063672951474,114.76753269564631,10.786895966131567,24.5005055510952,37.234724153994854,12.734218602899656,0.0,1.0,0.9672,0.0806,0,0,0,0,0,,0,0,0,0,0,,0,0,0
A_comm_disruption_r5_1785311285,std_pass1,A,comm_disruption,uav_0,1785311285,True,157.67728519439697,False,True,,True,3.418729782104492,True,6.341934204101562e-05,0.1233818531036377,True,,0.9099000589390429,-0.2216423596794412,1.0,0.29574854561377606,98.41540353894723,117.0137869470168,18.598383408069566,31.04415098911059,37.982107647857305,6.937956658746714,0.0,1.0,0.9613,0.0274,0,0,0,0,0,,0,0,0,0,0,,0,0,0
A_command_injection_r1_1785313599,std_pass1,A,command_injection,uav_0,1785313599,True,91.63647222518921,True,False,errored,,,,,,,,,,,,,,,,,,,,0.0008,,,,,,,,0,0,0,0,0,,0,0,0
A_command_injection_r2_1785313754,std_pass1,A,command_injection,uav_0,1785313754,True,91.62346005439758,True,False,errored,,,,,,,,,,,,,,,,,,,,0.0011,,,,,,,,0,0,0,0,0,,0,0,0
A_command_injection_r3_1785313910,std_pass1,A,command_injection,uav_0,1785313910,True,92.12963771820068,True,False,errored,,,,,,,,,,,,,,,,,,,,0.0008,,,,,,,,0,0,0,0,0,,0,0,0
A_command_injection_r4_1785314067,std_pass1,A,command_injection,uav_0,1785314067,True,91.11078214645386,True,False,errored,,,,,,,,,,,,,,,,,,,,0.001,,,,,,,,0,0,0,0,0,,0,0,0
A_command_injection_r5_1785314222,std_pass1,A,command_injection,uav_0,1785314222,True,91.62232851982117,True,False,errored,,,,,,,,,,,,,,,,,,,,0.0009,,,,,,,,0,0,0,0,0,,0,0,0
A_gps_spoofing_r1_1785307071,std_pass1,A,gps_spoofing,uav_0,1785307071,True,157.67880535125732,False,True,,True,2.913900136947632,True,4.863739013671875e-05,50.963844537734985,True,,49.85298105308275,49.18938473424168,0.6666666666666666,0.29719020939575014,15.438229598699024,19.058957513444568,3.620727914745544,74.03509995087387,76.50183260840004,2.4667326575261654,0.33333333333333337,0.6666666666666666,50.9324,2.0,7,7,7,7,7,0.914,0,0,0,0,0,,0,0,0
A_gps_spoofing_r2_1785307293,std_pass1,A,gps_spoofing,uav_0,1785307293,True,156.71720838546753,False,True,,True,2.7450129985809326,True,4.3392181396484375e-05,,False,,49.73793538543601,,0.6666666666666666,0.25546320910989806,5.3708527319099915,9.14343094532859,3.7725782134185977,75.12551193435806,79.4236230102164,4.298111075858349,0.33333333333333337,0.6666666666666666,50.8777,2.0,7,7,7,7,7,0.752,0,0,0,0,0,,0,0,0
A_gps_spoofing_r3_1785307514,std_pass1,A,gps_spoofing,uav_0,1785307514,True,156.71964025497437,False,True,,True,3.04439640045166,True,5.1021575927734375e-05,50.528870582580566,True,,49.67911381016736,49.154224887216444,0.6666666666666666,0.2919117793269379,0.0406987543973969,19.308048271838288,19.26734951744089,61.80978777373825,78.95318514139007,17.14339736765182,0.33333333333333337,0.6666666666666666,50.8811,2.0,5,5,5,5,5,1.067,0,0,0,0,0,,0,0,0
A_gps_spoofing_r4_1785307736,std_pass1,A,gps_spoofing,uav_0,1785307736,True,157.73370337486267,False,True,,True,3.3248167037963867,True,4.506111145019531e-05,49.670212745666504,True,,49.8518967166484,49.24297296170392,0.6666666666666666,0.24505688416956564,15.255392769905342,18.487815950963352,3.23242318105801,73.29559609658085,76.30160706672974,3.006010970148889,0.33333333333333337,0.6666666666666666,50.8419,2.0,4,4,4,4,4,1.309,0,0,0,0,0,,0,0,0
A_gps_spoofing_r5_1785307958,std_pass1,A,gps_spoofing,uav_0,1785307958,True,157.21482872962952,False,True,,True,2.841505527496338,True,4.3392181396484375e-05,51.140825271606445,True,,49.906403235800425,49.27059104916645,0.6666666666666666,0.25335255716237903,16.17993341756832,19.71075476486385,3.5308213472955288,75.06016759184772,77.15611432221672,2.0959467303690067,0.33333333333333337,0.6666666666666666,50.7482,2.0,7,7,7,7,7,0.841,0,0,0,0,0,,0,0,0
A_none_r1_1785303742,std_pass1,A,none,uav_0,1785303742,True,157.203795671463,False,True,,,,,,,,,,,1.0,,0.0,12.368023159598295,12.51498710922263,0.024104645127473567,6.8532858808241475,6.829181235696674,0.0,1.0,0.9337,0.029,0,0,0,0,0,,0,0,0,0,0,,0,0,0
A_none_r2_1785303964,std_pass1,A,none,uav_0,1785303964,True,165.2077066898346,False,True,,,6.384560585021973,,9.799003601074219e-05,,,,,,0.6666666666666666,,2.3109598790443897,6.233752357693618,3.922792478649228,8.627004294690332,12.176307961953764,3.549303667263432,0.33333333333333337,0.6666666666666666,0.9538,0.0398,0,0,0,1,1,,0,0,0,0,3,heartbeat,0,3,0
A_none_r3_1785304188,std_pass1,A,none,uav_0,1785304188,True,157.2082381248474,False,True,,,,,,,,,,,1.0,,0.13090367315334106,3.5164118897217804,3.3855082165684394,0.18669899507654364,2.2655827526532297,2.078883757576686,0.0,1.0,0.9397,0.0585,0,0,0,0,0,,0,0,0,0,0,,0,0,0
A_none_r4_1785304410,std_pass1,A,none,uav_0,1785304410,True,156.71742916107178,False,True,,,,,,,,,,,1.0,,0.03392781771029263,2.049701199469723,2.0157733817594305,0.009701577511935788,1.9895329253473673,1.9798313478354315,0.0,1.0,1.0522,0.0489,0,0,0,0,0,,0,0,0,0,0,,0,0,0
A_none_r5_1785304631,std_pass1,A,none,uav_0,1785304631,True,157.67846488952637,False,True,,,,,,,,,,,1.0,,0.0055865849580811755,3.380610515940816,3.375023930982735,0.043949417137833624,2.047909482528346,2.0039600653905123,0.0,1.0,1.069,0.0554,0,0,0,0,0,,0,0,0,0,0,,0,0,0
B_comm_disruption_r1_1785311508,std_pass1,B,comm_disruption,uav_0,1785311508,True,156.7187054157257,False,True,,True,3.4151790142059326,True,4.9114227294921875e-05,0.13541579246520996,True,,1.1954818606496864,-0.11856556705441607,1.0,0.2680606161224901,113.96106074687253,117.48053355190291,3.519472805030375,36.967765275674246,39.09391636078394,2.1261510851096967,0.0,1.0,0.9623,0.0449,0,0,0,0,0,,0,0,0,0,0,,0,0,0
B_comm_disruption_r2_1785311729,std_pass1,B,comm_disruption,uav_0,1785311729,True,157.19405388832092,False,True,,True,3.4230573177337646,True,6.437301635742188e-05,0.15598273277282715,True,,0.38473311189851883,-0.22142841013574202,1.0,0.2862857726164972,134.64252049074122,137.30726217623197,2.6647416854907533,38.0455790021457,39.73942983377014,1.6938508316244358,0.0,1.0,0.9541,0.0459,0,0,0,0,0,,0,0,0,0,0,,0,0,0
B_comm_disruption_r3_1785311950,std_pass1,B,comm_disruption,uav_0,1785311950,True,156.69818305969238,False,True,,True,3.3189284801483154,True,6.532669067382812e-05,0.13214683532714844,True,,1.0113497082544654,-0.17723730470230947,1.0,0.28797250658908546,137.3888244457326,139.9650934457203,2.5762689999876898,37.047069743521924,39.191267467947796,2.144197724425874,0.0,1.0,0.9505,0.0422,0,0,0,0,0,,0,0,0,0,0,,0,0,0
B_comm_disruption_r4_1785312171,std_pass1,B,comm_disruption,uav_0,1785312171,True,156.22325134277344,False,True,,True,3.521516799926758,True,6.175041198730469e-05,16.38948154449463,True,,4.980065382806189,-0.0730215896063634,1.0,0.29011113356047413,92.60145086480333,95.68044074999733,3.078989885194005,36.33717590136434,38.90645606368794,2.569280162323598,0.0,1.0,0.8849,0.0438,0,0,0,0,0,,0,0,0,0,0,,0,0,0
B_comm_disruption_r5_1785312392,std_pass1,B,comm_disruption,uav_0,1785312392,True,165.20687651634216,False,True,,True,3.3818657398223877,True,5.14984130859375e-05,,False,,2.303411449120001,,1.0,0.32108508958597604,3.483432358640613,6.581797407998579,3.098365049357966,3.110787849049301,5.26883341066675,2.1580455616174494,0.0,1.0,1.015,0.0476,0,0,0,0,0,,0,0,0,0,0,,0,0,0
B_command_injection_r1_1785314378,std_pass1,B,command_injection,uav_0,1785314378,True,91.62570548057556,True,False,errored,,,,,,,,,,,,,,,,,,,,0.0008,,,,,,,,0,0,0,0,0,,0,0,0
B_command_injection_r2_1785314534,std_pass1,B,command_injection,uav_0,1785314534,True,92.13027930259705,True,False,errored,,,,,,,,,,,,,,,,,,,,0.0009,,,,,,,,0,0,0,0,0,,0,0,0
B_command_injection_r3_1785314690,std_pass1,B,command_injection,uav_0,1785314690,True,91.63546252250671,True,False,errored,,,,,,,,,,,,,,,,,,,,0.0009,,,,,,,,0,0,0,0,0,,0,0,0
B_command_injection_r4_1785314846,std_pass1,B,command_injection,uav_0,1785314846,True,91.1214702129364,True,False,errored,,,,,,,,,,,,,,,,,,,,0.0008,,,,,,,,0,0,0,0,0,,0,0,0
B_command_injection_r5_1785315002,std_pass1,B,command_injection,uav_0,1785315002,True,91.60997128486633,True,False,errored,,,,,,,,,,,,,,,,,,,,0.001,,,,,,,,0,0,0,0,0,,0,0,0
B_gps_spoofing_r1_1785308180,std_pass1,B,gps_spoofing,uav_0,1785308180,True,157.19253277778625,False,True,,True,2.8416316509246826,True,4.792213439941406e-05,50.9220769405365,True,,49.87120971637268,49.12920129071751,0.6666666666666666,0.2626145593840957,16.29901725952172,18.592675620431407,2.2936583609096886,75.46393144965978,77.60798827056516,2.144056820905372,0.33333333333333337,0.6666666666666666,50.7922,2.0,7,7,7,7,7,0.871,0,0,0,0,0,,0,0,0
B_gps_spoofing_r2_1785308401,std_pass1,B,gps_spoofing,uav_0,1785308401,True,157.19850850105286,False,True,,True,3.0532946586608887,True,0.00011944770812988281,50.58983278274536,True,,49.88941486953257,49.1082257661485,0.6666666666666666,0.2786656703471232,16.474785670802873,23.04063376346221,6.565848092659337,67.06353287499827,72.59392919187562,5.5303963168773445,0.33333333333333337,0.6666666666666666,50.8701,2.0,7,7,7,7,7,1.03,0,0,0,0,0,,0,0,0
B_gps_spoofing_r3_1785308623,std_pass1,B,gps_spoofing,uav_0,1785308623,True,157.18051314353943,False,True,,True,3.002955913543701,True,4.458427429199219e-05,50.65003252029419,True,,49.71146552174883,49.089723761578135,0.6666666666666666,0.274631174893597,12.624595171075242,18.45298420838003,5.828389037304788,70.06980789147214,76.81300834242644,6.743200450954305,0.33333333333333337,0.6666666666666666,50.6065,2.0,5,5,5,5,5,1.012,0,0,0,0,0,,0,0,0
B_gps_spoofing_r4_1785308845,std_pass1,B,gps_spoofing,uav_0,1785308845,True,157.20896244049072,False,True,,True,2.88637113571167,True,4.4345855712890625e-05,50.99919104576111,True,,49.89466266169815,49.11300114200178,0.6666666666666666,0.27194924073957694,16.734225433593593,19.36810130043557,2.6338758668419757,77.19499969141718,78.27686788915918,1.0818681977420002,0.33333333333333337,0.6666666666666666,50.6716,2.0,7,7,7,7,7,0.835,0,0,0,0,0,,0,0,0
B_gps_spoofing_r5_1785309067,std_pass1,B,gps_spoofing,uav_0,1785309067,True,157.21428751945496,False,True,,True,3.0004794597625732,True,5.7697296142578125e-05,50.806689739227295,True,,49.9744531446505,49.18822166403429,0.6666666666666666,0.2375050567272563,2.7101908698654142,19.7710815287154,17.060890658849985,70.02580367131414,76.51208886047402,6.48628518915989,0.33333333333333337,0.6666666666666666,50.796,2.0,7,7,7,7,7,0.955,0,0,0,0,0,,0,0,0
B_none_r1_1785304853,std_pass1,B,none,uav_0,1785304853,True,157.21168994903564,False,True,,,,,,,,,,,1.0,,0.5425995561616901,4.183260910933598,3.6406613547719076,0.0,2.411798992359308,2.512269170825873,0.0,1.0,1.0291,0.0361,0,0,0,0,0,,0,0,0,0,0,,0,0,0
B_none_r2_1785305075,std_pass1,B,none,uav_0,1785305075,True,157.21461272239685,False,True,,,,,,,,,,,1.0,,0.0957161064489469,3.2270063899209163,3.1312902834719694,0.07472297519146376,1.81060432018008,1.7358813449886163,0.0,1.0,1.0353,0.0356,0,0,0,0,0,,0,0,0,0,0,,0,0,0
B_none_r3_1785305297,std_pass1,B,none,uav_0,1785305297,True,156.6969599723816,False,True,,,,,4.410743713378906e-05,,,,,,0.6666666666666666,,83.91178279391704,769.8233287209025,685.9115459269855,162.68013792364832,345.8446169023044,183.16447897865606,0.33333333333333337,0.6666666666666666,1.0313,0.0371,0,0,0,0,6,,0,0,0,0,2,gps,2,0,0
B_none_r4_1785305518,std_pass1,B,none,uav_0,1785305518,True,156.7587251663208,False,True,,,,,,,,,,,1.0,,0.08485638129738504,3.755888469194531,3.671032087897146,0.0,3.0946143581060683,3.229527159533651,0.0,1.0,1.0361,0.0343,0,0,0,0,0,,0,0,0,0,0,,0,0,0
B_none_r5_1785305739,std_pass1,B,none,uav_0,1785305739,True,157.1924114227295,False,True,,,,,,,,,,,1.0,,0.0,3.5894721263368297,3.725772407426547,0.06510340397214631,2.0214263262937244,1.9563229223215781,0.0,1.0,1.0272,0.0397,0,0,0,0,0,,0,0,0,0,0,,0,0,0
C_comm_disruption_r1_1785312616,std_pass1,C,comm_disruption,uav_0,1785312616,True,157.22771525382996,False,True,,True,3.4003357887268066,True,5.602836608886719e-05,0.06942939758300781,True,,2.0512488426200273,-0.2707077079136682,1.0,0.30077349550795773,124.35924303092753,128.26172377376497,3.90248074283744,36.27704958008013,38.757604609454354,2.480555029374224,0.0,1.0,0.9346,0.0362,0,0,0,0,0,,466,124015,932,0,0,,0,0,0
C_comm_disruption_r2_1785312839,std_pass1,C,comm_disruption,uav_0,1785312839,True,156.69850206375122,False,True,,True,3.4236810207366943,True,6.246566772460938e-05,0.11009097099304199,True,,0.3233310998055955,-0.2402436064099959,1.0,0.2979442350348036,136.3456565499047,137.9081778528843,1.5625213029796043,40.51749211729146,41.48747012383453,0.9699780065430663,0.0,1.0,0.9659,0.0277,0,0,0,0,0,,466,124025,932,0,0,,0,0,0
C_comm_disruption_r3_1785313061,std_pass1,C,comm_disruption,uav_0,1785313061,True,157.20441365242004,False,True,,True,3.3275959491729736,True,5.5789947509765625e-05,0.06913280487060547,True,,1.6496205748126371,-0.18324313931981356,1.0,0.278729378318343,113.57571760186528,118.29392007220434,4.718202470339065,35.64672991226692,38.25418821593063,2.6074583036637113,0.0,1.0,0.9223,0.0403,0,0,0,0,0,,469,124728,938,0,0,,0,0,0
C_comm_disruption_r4_1785313284,std_pass1,C,comm_disruption,uav_0,1785313284,True,91.6227924823761,True,False,errored,,,,,,,,,,,,,,,,,,,,0.001,,,,,,,,182,48212,364,0,0,,0,0,0
C_comm_disruption_r5_1785313441,std_pass1,C,comm_disruption,uav_0,1785313441,True,92.61883997917175,True,False,errored,,,,,,,,,,,,,,,,,,,,0.001,,,,,,,,182,48199,364,0,0,,0,0,0
C_command_injection_r1_1785315157,std_pass1,C,command_injection,uav_0,1785315157,True,91.62427687644958,True,False,errored,,,,,,,,,,,,,,,,,,,,0.001,,,,,,,,180,47660,360,0,0,,0,0,0
C_command_injection_r2_1785315314,std_pass1,C,command_injection,uav_0,1785315314,True,92.14473915100098,True,False,errored,,,,,,,,,,,,,,,,,,,,0.0009,,,,,,,,181,47955,362,0,0,,0,0,0
C_command_injection_r3_1785315472,std_pass1,C,command_injection,uav_0,1785315472,True,92.10506248474121,True,False,errored,,,,,,,,,,,,,,,,,,,,0.0013,,,,,,,,182,48196,364,0,0,,0,0,0
C_command_injection_r4_1785315629,std_pass1,C,command_injection,uav_0,1785315629,True,93.12090706825256,True,False,errored,,,,,,,,,,,,,,,,,,,,0.0012,,,,,,,,182,48203,364,0,0,,0,0,0
C_command_injection_r5_1785315788,std_pass1,C,command_injection,uav_0,1785315788,True,92.13853287696838,True,False,errored,,,,,,,,,,,,,,,,,,,,0.0009,,,,,,,,182,48212,364,0,0,,0,0,0
C_gps_spoofing_r1_1785309289,std_pass1,C,gps_spoofing,uav_0,1785309289,True,156.6976079940796,False,True,,True,3.006272077560425,True,4.1484832763671875e-05,16.91437530517578,True,7.4290995597839355,19.664744946490618,19.56837842743761,0.6666666666666666,0.3044277942311875,141.20938636699157,144.2911048299996,3.0817184630080305,52.8765056072796,54.88108577354765,2.0045801662680547,0.33333333333333337,0.6666666666666666,50.0157,2.0,7,7,7,7,7,1.003,472,125758,944,0,0,,0,0,0
C_gps_spoofing_r2_1785309511,std_pass1,C,gps_spoofing,uav_0,1785309511,True,156.22027730941772,False,True,,True,5.050874471664429,True,4.363059997558594e-05,0.19191265106201172,True,5.0657103061676025,1.6797130482470628,-0.1635494557402115,1.0,0.2926858775988066,139.54931393401452,142.33607543237218,2.786761498357663,37.09807230915616,39.623664010567175,2.525591701411015,0.0,1.0,50.0812,2.0,8,7,7,7,7,0.976,468,124581,936,0,0,,0,0,0
C_gps_spoofing_r3_1785309732,std_pass1,C,gps_spoofing,uav_0,1785309732,True,156.67676544189453,False,True,,True,2.750363826751709,True,4.38690185546875e-05,16.34790325164795,True,7.389177560806274,19.678021979010904,19.622381317566006,0.6666666666666666,0.26764213706982787,145.53216131850175,148.45501474802188,2.9228534295201314,53.92757217927615,55.49562988551726,1.5680577062411154,0.33333333333333337,0.6666666666666666,50.0252,2.0,7,7,7,7,7,0.742,472,125780,944,0,0,,0,0,0
C_gps_spoofing_r4_1785309955,std_pass1,C,gps_spoofing,uav_0,1785309955,True,157.18821907043457,False,True,,False,,True,4.506111145019531e-05,82.92352652549744,True,-31.54093313217163,3.2396900996165385,-0.11497881183782965,0.6666666666666666,66.5534398352535,0.0,111.4735307086899,125.26278533166908,0.8974303153550949,23.251585632995358,22.354155317640263,0.33333333333333337,0.6666666666666666,128.8092,2.0,16,1,7,1,7,-49.683,483,128760,966,0,8,cross_check|gps,2,0,6
C_gps_spoofing_r5_1785310177,std_pass1,C,gps_spoofing,uav_0,1785310177,True,156.19230127334595,False,True,,True,2.9396207332611084,True,4.3392181396484375e-05,18.699154138565063,True,7.492243051528931,19.629763010120477,19.5650696604581,0.6666666666666666,0.2806393923996673,91.25284436511035,93.11104491723484,1.8582005521244866,55.080504295869524,56.18201437551499,1.1015100796454638,0.33333333333333337,0.6666666666666666,50.1166,2.0,7,7,7,7,7,0.918,472,125723,944,0,0,,0,0,0
C_none_r1_1785305961,std_pass1,C,none,uav_0,1785305961,True,156.68729066848755,False,True,,,,,,,,,,,1.0,,0.0,3.372715565486658,3.5339521533311427,0.1098236250712854,2.119930292178664,2.0101066671073786,0.0,1.0,0.9923,0.0544,0,0,0,0,0,,465,123694,930,0,0,,0,0,0
C_none_r2_1785306183,std_pass1,C,none,uav_0,1785306183,True,156.20888543128967,False,True,,,,,,,,,,,1.0,,0.2697779912068654,3.3745351439718547,3.1047571527649893,0.0,1.7953162100279603,1.8077939001566818,0.0,1.0,0.9998,0.0451,0,0,0,0,0,,465,123744,930,0,0,,0,0,0
C_none_r3_1785306405,std_pass1,C,none,uav_0,1785306405,True,156.69638657569885,False,True,,,,,,,,,,,1.0,,17.76826620491687,21.78629324699415,4.018027042077279,22.37355437766958,24.270108670550474,1.8965542928808916,0.0,1.0,1.024,0.0307,0,0,0,0,0,,465,123682,930,0,0,,0,0,0
C_none_r4_1785306627,std_pass1,C,none,uav_0,1785306627,True,156.2323169708252,False,True,,,,,,,,,,,1.0,,0.2675899383100955,4.791655458734567,4.524065520424472,0.0,2.580348826589753,2.6624150353757248,0.0,1.0,1.0173,0.0292,0,0,0,0,0,,465,123685,930,0,0,,0,0,0
C_none_r5_1785306849,std_pass1,C,none,uav_0,1785306849,True,156.68525958061218,False,True,,,,,,,,,,,1.0,,0.0,2.660059366335645,2.723482399944942,0.05817769045187404,1.9237313110521241,1.86555362060025,0.0,1.0,1.0228,0.0356,0,0,0,0,0,,465,123716,930,0,0,,0,0,0
A_command_injection_r1_1785394169,ci_pass1,A,command_injection,uav_0,1785394169,True,157.7075674533844,False,True,,True,0.01282048225402832,True,5.4836273193359375e-05,,False,,37.676969493207864,,0.6666666666666666,0.4469965353849704,45.172254534764136,200.12783493170923,154.9555803969451,40.27529345286717,68.20604699305807,27.9307535401909,0.33333333333333337,0.6666666666666666,1.0425,0.0327,0,0,0,0,0,,0,0,0,0,0,,0,0,0
A_command_injection_r2_1785394394,ci_pass1,A,command_injection,uav_0,1785394394,True,156.70363235473633,False,True,,True,0.006594181060791016,True,5.936622619628906e-05,,False,,37.40166942871781,,0.6666666666666666,0.2947155361893403,152.52805284324282,156.30318612338414,3.7751332801413184,59.41022812476329,61.481309703775985,2.071081579012695,0.33333333333333337,0.6666666666666666,0.9302,0.0332,0,0,0,0,0,,0,0,0,0,0,,0,0,0
A_command_injection_r3_1785394615,ci_pass1,A,command_injection,uav_0,1785394615,True,157.18445086479187,False,True,,True,0.014131784439086914,True,5.173683166503906e-05,,False,,37.197628989704185,,0.6666666666666666,0.30764837360040076,58.49556841396196,335.7297081802693,277.23413976630735,32.94990454519535,60.43059410798494,27.480689562789582,0.33333333333333337,0.6666666666666666,1.0965,0.0632,0,0,0,0,0,,0,0,0,0,0,,0,0,0
A_command_injection_r4_1785407105,ci_pass1,A,command_injection,uav_0,1785407105,True,156.72834372520447,False,True,,True,0.01153707504272461,True,5.030632019042969e-05,,False,,37.639081069241904,,0.6666666666666666,0.2848092441813933,145.7944278119155,158.1779337661061,12.383505954190582,54.3708613878662,61.6589610512436,7.288099663377402,0.33333333333333337,0.6666666666666666,0.9392,0.0377,0,0,0,0,0,,0,0,0,0,0,,0,0,0
A_command_injection_r5_1785407327,ci_pass1,A,command_injection,uav_0,1785407327,True,156.18989300727844,False,True,,True,0.013168096542358398,True,8.96453857421875e-05,,False,,24.257967665587586,,0.6666666666666666,0.5509912049265218,125.95220401786841,145.00816736372485,19.05596334585644,26.370537482985533,55.71947205471023,29.348934571724698,0.33333333333333337,0.6666666666666666,2.2797,0.461,0,0,0,0,0,,0,0,0,0,0,,0,0,0
B_command_injection_r1_1785394837,ci_pass1,B,command_injection,uav_0,1785394837,True,157.2272765636444,False,True,,True,0.0160369873046875,True,7.939338684082031e-05,,False,,37.04956895960362,,0.6666666666666666,0.31250060235774413,152.2071065288456,154.9572794475468,2.750172918701196,58.27214093520994,60.9124713236829,2.64033038847296,0.33333333333333337,0.6666666666666666,0.9698,0.0431,0,0,0,0,0,,0,0,0,0,0,,0,0,0
B_command_injection_r2_1785395059,ci_pass1,B,command_injection,uav_0,1785395059,True,157.1907286643982,False,True,,True,0.014300823211669922,True,5.125999450683594e-05,,False,,38.620141787251924,,0.6666666666666666,0.34226423757284685,162.53996392939953,166.01170145869503,3.4717375292954955,60.2891478116817,62.424663256533954,2.135515444852249,0.33333333333333337,0.6666666666666666,1.0064,0.0493,0,0,0,0,0,,0,0,0,0,0,,0,0,0
B_command_injection_r3_1785395281,ci_pass1,B,command_injection,uav_0,1785395281,True,156.71391129493713,False,True,,True,0.010455608367919922,True,8.249282836914062e-05,,False,,37.35491298799995,,0.6666666666666666,0.30982233743693754,150.2976295991099,154.22783580205572,3.9302062029458114,59.3723141142681,61.73533483907917,2.36302072481107,0.33333333333333337,0.6666666666666666,0.9933,0.0293,0,0,0,0,0,,0,0,0,0,0,,0,0,0
B_command_injection_r4_1785407548,ci_pass1,B,command_injection,uav_0,1785407548,True,156.70696830749512,False,True,,True,0.015993118286132812,True,0.000141143798828125,,False,,37.54669450766054,,0.6666666666666666,0.2855681905762637,124.76537225743573,141.69269522217024,16.927322964734515,43.02112482879255,51.89092065839869,8.869795829606142,0.33333333333333337,0.6666666666666666,0.8963,0.0368,0,0,0,0,0,,0,0,0,0,0,,0,0,0
B_command_injection_r5_1785407769,ci_pass1,B,command_injection,uav_0,1785407769,True,156.20183658599854,False,True,,True,0.006635189056396484,True,0.0005483627319335938,,False,,37.587804521705465,,0.6666666666666666,0.26952785785314504,161.80608986951563,164.63525235418763,2.829162484671997,59.49177923016547,61.61321744087178,2.1214382107063092,0.33333333333333337,0.6666666666666666,0.9516,0.0262,0,0,0,0,0,,0,0,0,0,0,,0,0,0
C_command_injection_r1_1785395502,ci_pass1,C,command_injection,uav_0,1785395502,True,158.68607568740845,False,True,,True,0.008073568344116211,True,7.62939453125e-05,0.01437687873840332,True,0.024591684341430664,0.4143203340807574,-0.05833225434555153,1.0,0.2893759358563365,0.0,23.072248650200436,23.096958939388685,0.3769547144114114,7.5340656542014734,7.157110939790062,0.0,1.0,0.9985,0.0324,0,0,0,0,0,,474,126227,948,0,0,,0,0,0
C_command_injection_r2_1785395726,ci_pass1,C,command_injection,uav_0,1785395726,True,157.18411231040955,False,True,,True,0.010950326919555664,True,8.225440979003906e-05,0.07541823387145996,True,0.02145862579345703,0.4129935041917444,-0.04077058797688021,1.0,0.26949673579040134,0.0,3.5708089596691934,3.699248963435963,0.04015383841347653,2.7852563023154264,2.74510246390195,0.0,1.0,1.0093,0.0473,0,0,0,0,0,,468,124587,936,0,0,,0,0,0
C_command_injection_r3_1785395949,ci_pass1,C,command_injection,uav_0,1785395949,True,157.69308733940125,False,True,,True,0.011805057525634766,True,0.00010824203491210938,0.07699251174926758,True,0.03451657295227051,0.41146426031394845,-0.08536260526620618,1.0,0.310367322881941,0.219697035915857,4.0404299536388635,3.8207329177230065,0.16685904361087545,2.4405867684105376,2.273727724799662,0.0,1.0,1.0227,0.0639,0,0,0,0,0,,471,125381,942,0,0,,0,0,0
C_command_injection_r4_1785407990,ci_pass1,C,command_injection,uav_0,1785407990,True,157.19675660133362,False,True,,True,0.010959386825561523,True,7.557868957519531e-05,0.17444562911987305,True,0.033191680908203125,0.4023072064938792,-0.06838375970997293,1.0,0.29793300049204174,0.602689439455844,4.2882251408219645,3.6855357013661205,0.12574937249007623,1.9442088622709917,1.8184594897809154,0.0,1.0,1.0244,0.0355,0,0,0,0,0,,468,124646,936,0,0,,0,0,0
C_command_injection_r5_1785408213,ci_pass1,C,command_injection,uav_0,1785408213,True,156.7157905101776,False,True,,True,0.003502368927001953,False,5.9604644775390625e-05,1.7818286418914795,True,0.020173311233520508,2.7498785524165474,-0.07080911775129939,1.0,0.32150844215786684,3.3454862451690417,15.335904126785579,11.990417881616537,10.933261510052816,27.055238398820414,16.1219768887676,0.33333333333333337,1.0,1.1161,0.0509,0,0,0,0,0,,468,124586,936,0,0,,0,0,0
A_command_injection_r1_1785408738,ci_pass2,A,command_injection,uav_0,1785408738,True,156.68743324279785,False,True,,True,0.011977672576904297,True,0.0004062652587890625,,False,,37.283440471199285,,0.6666666666666666,0.2826402480381779,154.2956824109067,156.4256241091942,2.129941698287496,61.912054236533066,63.57133558436034,1.6592813478272759,0.33333333333333337,0.6666666666666666,0.9688,0.0449,0,0,0,0,0,,0,0,0,0,0,,0,0,0
A_command_injection_r2_1785408959,ci_pass2,A,command_injection,uav_0,1785408959,True,156.70457196235657,False,True,,True,0.012133359909057617,True,7.271766662597656e-05,,False,,37.53087443004861,,0.6666666666666666,0.31163337821925435,154.91649494377913,157.74891909460683,2.8324241508277055,60.07607673230619,61.67119433857024,1.595117606264047,0.33333333333333337,0.6666666666666666,0.9856,0.0451,0,0,0,0,0,,0,0,0,0,0,,0,0,0
A_command_injection_r3_1785409181,ci_pass2,A,command_injection,uav_0,1785409181,True,156.70291137695312,False,True,,True,0.013205289840698242,True,0.00028514862060546875,,False,,34.50096581463011,,0.6666666666666666,0.16322142539339493,160.48350127152162,177.07719292641633,16.593691654894712,33.757280483554965,35.94536705382319,2.1880865702682293,0.33333333333333337,0.6666666666666666,1.3193,0.0604,0,0,0,0,0,,0,0,0,0,0,,0,0,0
A_command_injection_r4_1785409402,ci_pass2,A,command_injection,uav_0,1785409402,True,156.19229412078857,False,True,,True,0.012500286102294922,True,5.6743621826171875e-05,,False,,37.61104012684343,,0.6666666666666666,0.28463169009204164,160.73844827605785,165.3770391113315,4.6385908352736465,57.55599077140048,59.96334380905944,2.4073530376589574,0.33333333333333337,0.6666666666666666,0.9914,0.0314,0,0,0,0,0,,0,0,0,0,0,,0,0,0
A_command_injection_r5_1785409623,ci_pass2,A,command_injection,uav_0,1785409623,True,157.2006959915161,False,True,,True,0.0059108734130859375,True,5.1975250244140625e-05,,False,,37.66690888754148,,0.6666666666666666,0.32039011616322277,156.67120638782427,159.69841062127546,3.0272042334511866,59.448844014959334,61.51674421636214,2.0679002014028036,0.33333333333333337,0.6666666666666666,0.9722,0.0436,0,0,0,0,0,,0,0,0,0,0,,0,0,0
B_command_injection_r1_1785409845,ci_pass2,B,command_injection,uav_0,1785409845,True,156.69651818275452,False,True,,True,0.009256124496459961,True,5.245208740234375e-05,,False,,37.27821887966595,,0.6666666666666666,0.3062076294326431,120.91580833718547,133.4599895837219,12.544181246536425,48.72674313489732,62.67124305831342,13.9444999234161,0.33333333333333337,0.6666666666666666,1.0206,0.0351,0,0,0,0,0,,0,0,0,0,0,,0,0,0
B_command_injection_r2_1785410066,ci_pass2,B,command_injection,uav_0,1785410066,True,156.6883463859558,False,True,,True,0.00767064094543457,True,6.198883056640625e-05,,False,,38.127244793489325,,0.6666666666666666,0.3152790367504785,134.45484894326415,152.0137013645559,17.55885242129176,41.067793858450244,63.75068873312427,22.682894874674027,0.33333333333333337,0.6666666666666666,1.2348,0.0619,0,0,0,0,0,,0,0,0,0,0,,0,0,0
B_command_injection_r3_1785410287,ci_pass2,B,command_injection,uav_0,1785410287,True,156.70697331428528,False,True,,True,0.006445407867431641,True,6.175041198730469e-05,,False,,37.77215830810272,,0.6666666666666666,0.27272422400269036,123.04771909086358,145.1729507311926,22.12523164032902,47.726901966843606,54.5484994356954,6.82159746885179,0.33333333333333337,0.6666666666666666,0.964,0.0416,0,0,0,0,0,,0,0,0,0,0,,0,0,0
B_command_injection_r4_1785410509,ci_pass2,B,command_injection,uav_0,1785410509,True,156.68903374671936,False,True,,True,0.015451669692993164,True,7.605552673339844e-05,,False,,37.583884536409286,,0.6666666666666666,0.28540625335679515,154.6738082589403,157.6208354132853,2.947027154344994,59.66615667383364,61.657252024050834,1.9910953502171942,0.33333333333333337,0.6666666666666666,1.1081,0.0355,0,0,0,0,0,,0,0,0,0,0,,0,0,0
B_command_injection_r5_1785410730,ci_pass2,B,command_injection,uav_0,1785410730,True,156.2061746120453,False,True,,True,0.00584101676940918,True,0.00039958953857421875,,False,,37.546360642575905,,0.6666666666666666,0.2945152037751484,160.01045066397717,163.2719229848655,3.2614723208883447,59.494243015926585,61.41315965271621,1.918916636789627,0.33333333333333337,0.6666666666666666,1.0793,0.0346,0,0,0,0,0,,0,0,0,0,0,,0,0,0
C_command_injection_r1_1785410951,ci_pass2,C,command_injection,uav_0,1785410951,True,157.21182584762573,False,True,,True,0.008723974227905273,False,0.0001380443572998047,,False,-23.59877848625183,34.50400041684999,,0.3333333333333333,0.28448257114522235,143.69746214081565,180.88505003885138,37.18758789803573,13.891051304635454,39.18738768475092,25.296336380115463,0.6666666666666667,0.3333333333333333,1.4357,0.1826,0,0,0,0,5,,477,127165,954,0,5,cross_check|gps,1,0,4
C_command_injection_r2_1785411173,ci_pass2,C,command_injection,uav_0,1785411173,True,157.72437071800232,False,True,,True,0.014438390731811523,True,5.340576171875e-05,0.11336421966552734,True,0.041716814041137695,0.41929013533104853,-0.06794767207924271,1.0,0.3022801081209394,0.4308696723302319,3.9004137689594813,3.4695440966292495,0.08784095416610915,2.0570524205381444,1.9692114663720353,0.0,1.0,1.0584,0.0408,0,0,0,0,0,,471,125404,942,0,0,,0,0,0
C_command_injection_r3_1785411397,ci_pass2,C,command_injection,uav_0,1785411397,True,156.69541454315186,False,True,,True,0.014070510864257812,True,5.125999450683594e-05,0.1251077651977539,True,0.038675546646118164,0.374933965787053,-0.06779942582263149,1.0,0.3117258775740041,0.0,1.043223891984269,1.2487272513016592,0.0,0.38902388169306806,0.45729793855301465,0.0,1.0,1.0555,0.0757,0,0,0,0,0,,468,124623,936,0,0,,0,0,0
C_command_injection_r4_1785411619,ci_pass2,C,command_injection,uav_0,1785411619,True,158.1823341846466,False,True,,True,0.007870912551879883,True,5.245208740234375e-05,0.0885007381439209,True,0.02198004722595215,0.4147231708893886,-0.026450088228193808,1.0,0.2507776089867626,0.44646490583096465,4.106891106131798,3.660426200300833,0.0,2.7966732280995776,2.882919792414417,0.0,1.0,1.0103,0.0482,0,0,0,0,0,,471,125377,942,0,0,,0,0,0
C_command_injection_r5_1785411843,ci_pass2,C,command_injection,uav_0,1785411843,True,157.18056058883667,False,True,,True,0.011323213577270508,True,5.221366882324219e-05,0.17985844612121582,True,0.0287320613861084,0.3961024647296224,-0.0605716096093368,1.0,0.28757244455944786,0.28706443183133956,3.7963292803846116,3.509264848553272,0.0,2.1171737996419515,2.213942605751587,0.0,1.0,1.08,0.0463,0,0,0,0,0,,468,124612,936,0,0,,0,0,0
A_command_injection_r1_1785412368,ci_pass3,A,command_injection,uav_0,1785412368,True,155.7015483379364,False,True,,True,0.00931406021118164,True,5.7697296142578125e-05,,False,,37.351499805746826,,0.6666666666666666,0.2793453592972597,158.88571798740733,163.62326877437516,4.73755078696783,56.97015305556894,59.984543097897706,3.0143900423287655,0.33333333333333337,0.6666666666666666,0.9786,0.0444,0,0,0,0,0,,0,0,0,0,0,,0,0,0
A_command_injection_r2_1785412588,ci_pass3,A,command_injection,uav_0,1785412588,True,156.69645643234253,False,True,,True,0.004560232162475586,True,0.00040721893310546875,,False,,37.66475349553055,,0.6666666666666666,0.23398935111734076,127.5874643745828,142.1899265405479,14.602462165965107,39.740748337466144,45.39301452775702,5.652266190290874,0.33333333333333337,0.6666666666666666,1.0181,0.0311,0,0,0,0,0,,0,0,0,0,0,,0,0,0
A_command_injection_r3_1785412809,ci_pass3,A,command_injection,uav_0,1785412809,True,156.726420879364,False,True,,True,0.00667119026184082,True,5.8650970458984375e-05,,False,,38.332243221745294,,0.6666666666666666,0.2719443884458363,151.07446828498723,163.5480411762095,12.473572891222261,52.7414982081678,63.037226219852315,10.295728011684517,0.33333333333333337,0.6666666666666666,0.9838,0.035,0,0,0,0,0,,0,0,0,0,0,,0,0,0
A_command_injection_r4_1785413031,ci_pass3,A,command_injection,uav_0,1785413031,True,156.7590250968933,False,True,,True,0.011578083038330078,True,6.151199340820312e-05,,False,,37.52142858045957,,0.6666666666666666,0.3037668593477427,154.07085556807192,157.42241293001808,3.3515573619461634,58.79694216994048,61.013025439133834,2.216083269193356,0.33333333333333337,0.6666666666666666,0.992,0.0384,0,0,0,0,0,,0,0,0,0,0,,0,0,0
A_command_injection_r5_1785413252,ci_pass3,A,command_injection,uav_0,1785413252,True,156.19303512573242,False,True,,True,0.009633541107177734,True,5.1021575927734375e-05,,False,,37.67278824037794,,0.6666666666666666,0.29117959150826844,161.3883279939317,164.55268396136205,3.164355967430339,59.758297257765335,61.390503764514754,1.6322065067494167,0.33333333333333337,0.6666666666666666,1.0106,0.0446,0,0,0,0,0,,0,0,0,0,0,,0,0,0
B_command_injection_r1_1785413473,ci_pass3,B,command_injection,uav_0,1785413473,True,156.70711135864258,False,True,,True,0.014682292938232422,True,6.270408630371094e-05,,False,,37.56044620237989,,0.6666666666666666,0.27444691155905687,115.78968606645219,134.46565284116798,18.67596677471579,38.862238281672674,54.81678777311591,15.954549491443238,0.33333333333333337,0.6666666666666666,0.9507,0.0285,0,0,0,0,0,,0,0,0,0,0,,0,0,0
B_command_injection_r2_1785413694,ci_pass3,B,command_injection,uav_0,1785413694,True,156.71483659744263,False,True,,True,0.008797645568847656,True,5.53131103515625e-05,,False,,37.48168440366766,,0.6666666666666666,0.26729101342075623,151.85098398327452,156.02529639282767,4.174312409553153,59.28946492415623,61.26746061655343,1.9779956923972026,0.33333333333333337,0.6666666666666666,1.0696,0.0311,0,0,0,0,0,,0,0,0,0,0,,0,0,0
B_command_injection_r3_1785413916,ci_pass3,B,command_injection,uav_0,1785413916,True,156.6848669052124,False,True,,True,0.006967306137084961,True,5.6743621826171875e-05,,False,,37.43409726567811,,0.6666666666666666,0.3052338218246078,116.5721665390908,135.5967539816155,19.024587442524705,43.56848392877504,60.678684024867984,17.110200096092946,0.33333333333333337,0.6666666666666666,1.0008,0.0478,0,0,0,0,0,,0,0,0,0,0,,0,0,0
B_command_injection_r4_1785414137,ci_pass3,B,command_injection,uav_0,1785414137,True,156.70923495292664,False,True,,True,0.013441801071166992,True,0.00018358230590820312,,False,,37.31291215730231,,0.6666666666666666,0.27785386759110314,153.70959168393094,156.6969724019741,2.9873807180431697,59.175046784963136,61.31674188296375,2.141695098000611,0.33333333333333337,0.6666666666666666,1.0669,0.0779,0,0,0,0,0,,0,0,0,0,0,,0,0,0
B_command_injection_r5_1785414358,ci_pass3,B,command_injection,uav_0,1785414358,True,156.22035908699036,False,True,,True,0.011999368667602539,True,5.435943603515625e-05,,False,,37.61270227576929,,0.6666666666666666,0.30477692038325255,158.43039613765694,160.8699974614742,2.4396013238172713,60.9306306556835,62.90185015428848,1.971219498604981,0.33333333333333337,0.6666666666666666,0.9459,0.0395,0,0,0,0,0,,0,0,0,0,0,,0,0,0
C_command_injection_r1_1785414579,ci_pass3,C,command_injection,uav_0,1785414579,True,157.69335770606995,False,True,,True,0.010232686996459961,True,5.316734313964844e-05,0.1685478687286377,True,0.03335762023925781,0.39820718540667754,-0.0487112848053034,1.0,0.2895308022130113,0.0,2.0712535255224225,2.159390327046623,0.052231154926493994,1.972581010616,1.920349855689506,0.0,1.0,0.9996,0.0322,0,0,0,0,0,,471,125389,942,0,0,,0,0,0
C_command_injection_r2_1785414802,ci_pass3,C,command_injection,uav_0,1785414802,True,156.7127707004547,False,True,,True,0.0017609596252441406,True,5.269050598144531e-05,0.06537795066833496,True,0.016010046005249023,0.41573246266083497,-0.05401553529085168,1.0,0.28690698891332134,0.0,2.863309430460845,3.2679492839049544,0.06811214670867693,2.1296208739369002,2.0615087272282233,0.0,1.0,1.0813,0.0481,0,0,0,0,0,,468,124580,936,0,0,,0,0,0
C_command_injection_r3_1785415025,ci_pass3,C,command_injection,uav_0,1785415025,True,156.68305850028992,False,True,,True,0.01137852668762207,True,6.270408630371094e-05,0.1682109832763672,True,0.029807567596435547,0.43082448948547836,-0.032745922103419284,1.0,0.27132218258415897,0.16699761025643056,2.9153147306435017,2.748317120387071,0.12448650101160208,2.4846531013962085,2.3601666003846065,0.0,1.0,0.9994,0.0474,0,0,0,0,0,,468,124626,936,0,0,,0,0,0
C_command_injection_r4_1785415247,ci_pass3,C,command_injection,uav_0,1785415247,True,156.6853563785553,False,True,,True,0.007277488708496094,True,8.368492126464844e-05,0.005377054214477539,True,0.028806447982788086,0.4450449936484512,-0.025945970939870833,1.0,0.25764881776444426,0.22320632747548075,3.199470674731799,2.9762643472563184,0.0,1.9234690060676654,1.9605309397951332,0.0,1.0,1.0698,0.03,0,0,0,0,0,,468,124624,936,0,0,,0,0,0
C_command_injection_r5_1785415470,ci_pass3,C,command_injection,uav_0,1785415470,True,156.70766234397888,False,True,,True,0.00936269760131836,True,9.441375732421875e-05,0.12971115112304688,True,0.02033376693725586,0.39440887680129944,-0.08863933528572365,1.0,0.3354760474612778,0.30591674448706385,4.02077602391887,3.7148592794318063,0.048460388357243644,2.6891402558063504,2.6406798674491068,0.0,1.0,1.0088,0.0412,0,0,0,0,0,,468,124571,936,0,0,,0,0,0
A_detector_takeout+gps_spoofing_r1_1785415995,dt_pass1,A,detector_takeout+gps_spoofing,uav_0,1785415995,True,156.55225133895874,False,True,,False,,True,0.05911898612976074,103.22746992111206,True,,49.837185968967084,37.10191122795548,0.6666666666666666,0.26410409006729935,7.24995002944712,10.866555334054425,3.6166053046073046,69.68581426329764,71.33563272149408,1.6498184581964341,0.33333333333333337,0.6666666666666666,50.9641,2.0,7,7,7,7,7,0.714,0,0,0,0,3,heartbeat,0,3,0
A_detector_takeout+gps_spoofing_r2_1785416216,dt_pass1,A,detector_takeout+gps_spoofing,uav_0,1785416216,True,210.94780445098877,False,True,,False,,True,6.127357482910156e-05,126.63848423957825,True,,49.935158128163245,49.11905728491132,0.6666666666666666,0.265812437789391,2.1395398849950027,19.411964822856476,17.272424937861473,51.92251434193041,72.71094608433206,20.788431742401656,0.33333333333333337,0.6666666666666666,50.6928,2.0,7,7,7,7,7,1.095,0,0,0,0,2,heartbeat,0,2,0
A_detector_takeout+gps_spoofing_r3_1785416492,dt_pass1,A,detector_takeout+gps_spoofing,uav_0,1785416492,True,156.68595814704895,False,True,,False,,True,,54.37154698371887,True,,49.66317823500782,49.12022462625208,0.6666666666666666,0.27165857580036246,12.357898223797946,16.259044524932108,3.901146301134162,74.4848641647748,76.64559999612807,2.1607358313532643,0.33333333333333337,0.6666666666666666,50.6876,2.0,6,6,6,6,6,0.659,0,0,0,0,0,,0,0,0
A_detector_takeout+gps_spoofing_r4_1785416713,dt_pass1,A,detector_takeout+gps_spoofing,uav_0,1785416713,True,155.68503785133362,False,True,,False,,True,,54.905532360076904,True,,49.89184574850647,49.10692822578351,0.6666666666666666,0.27663363994557894,13.185008789073265,16.638941650253344,3.4539328611800784,74.70681084296072,76.81785680899569,2.1110459660349647,0.33333333333333337,0.6666666666666666,50.8229,2.0,7,7,7,7,7,0.91,0,0,0,0,0,,0,0,0
A_detector_takeout+gps_spoofing_r5_1785416933,dt_pass1,A,detector_takeout+gps_spoofing,uav_0,1785416933,True,156.70184063911438,False,True,,False,,True,,54.97208499908447,True,,49.82437032531905,49.083795378014955,0.6666666666666666,0.3315954767948135,11.731156959793964,17.35618381323161,5.625026853437646,64.20823599639974,75.98249006469261,11.774254068292873,0.33333333333333337,0.6666666666666666,50.8503,2.0,7,7,7,7,7,0.838,0,0,0,0,0,,0,0,0
B_detector_takeout+gps_spoofing_r1_1785417155,dt_pass1,B,detector_takeout+gps_spoofing,uav_0,1785417155,True,156.19169974327087,False,True,,False,,True,,54.514172077178955,True,,49.94690298258182,49.20073353472221,0.6666666666666666,0.30352386486889316,11.142210387018253,15.782043304878073,4.63983291785982,74.07992925869256,76.66000316908257,2.5800739103900163,0.33333333333333337,0.6666666666666666,50.8354,2.0,7,7,7,7,7,0.842,0,0,0,0,0,,0,0,0
B_detector_takeout+gps_spoofing_r2_1785417375,dt_pass1,B,detector_takeout+gps_spoofing,uav_0,1785417375,True,156.19357061386108,False,True,,False,,True,,,False,,49.92143890568638,,0.6666666666666666,0.1814341505831417,0.667200469672224,15.177584351751534,14.51038388207931,59.58581257648602,67.12545162688563,7.5396390503996145,0.33333333333333337,0.6666666666666666,50.4997,2.0,7,7,7,7,7,0.913,0,0,0,0,0,,0,0,0
B_detector_takeout+gps_spoofing_r3_1785417596,dt_pass1,B,detector_takeout+gps_spoofing,uav_0,1785417596,True,157.20736861228943,False,True,,False,,True,,53.499125719070435,True,,49.96437421198678,49.18148457242718,0.6666666666666666,0.26235592096128,15.174306894712942,20.031153970961327,4.8568470762483855,74.04332708212416,76.39469860839907,2.3513715262749084,0.33333333333333337,0.6666666666666666,50.8903,2.0,7,7,7,7,7,0.784,0,0,0,0,0,,0,0,0
B_detector_takeout+gps_spoofing_r4_1785417818,dt_pass1,B,detector_takeout+gps_spoofing,uav_0,1785417818,True,156.71770024299622,False,True,,False,,True,,53.78829264640808,True,,49.9317719843902,49.15623643898032,0.6666666666666666,0.26410522855027274,15.885270986557543,19.350341051350313,3.4650700647927692,75.47138703598401,77.45000765113613,1.9786206151521273,0.33333333333333337,0.6666666666666666,50.997,2.0,7,7,7,7,7,0.972,0,0,0,0,0,,0,0,0
B_detector_takeout+gps_spoofing_r5_1785418039,dt_pass1,B,detector_takeout+gps_spoofing,uav_0,1785418039,True,157.20919370651245,False,True,,False,,True,,53.63317561149597,True,,49.85599870076257,49.14272109739905,0.6666666666666666,0.2963886157484775,15.565516016453671,18.72363336068662,3.1581173442329487,75.52340802281421,77.46315479045901,1.9397467676448015,0.33333333333333337,0.6666666666666666,50.5969,2.0,7,7,7,7,7,0.765,0,0,0,0,0,,0,0,0
C_detector_takeout+gps_spoofing_r1_1785418261,dt_pass1,C,detector_takeout+gps_spoofing,uav_0,1785418261,True,157.24368977546692,False,True,,True,7.336881637573242,True,5.0067901611328125e-05,0.0614933967590332,True,7.345454931259155,0.2730261101450009,-0.18133057803479205,1.0,0.21823720452851306,179.3475082504197,179.95365377423684,0.6061455238171334,33.159379853768336,34.00595176122649,0.8465719074581586,0.0,1.0,50.0547,2.0,7,7,7,7,7,0.818,469,124854,938,0,0,,0,0,0
C_detector_takeout+gps_spoofing_r2_1785418484,dt_pass1,C,detector_takeout+gps_spoofing,uav_0,1785418484,True,157.18918657302856,False,True,,True,7.435080051422119,True,4.57763671875e-05,0.06072568893432617,True,7.447848796844482,0.248709458541299,-0.1857284268366861,1.0,0.2852445353288644,174.53224690045087,178.86545129261208,4.333204392161207,29.95533589312865,32.21289404988568,2.2575581567570304,0.0,1.0,49.9924,2.0,7,7,7,7,7,0.818,472,125718,944,0,0,,0,0,0
C_detector_takeout+gps_spoofing_r3_1785418707,dt_pass1,C,detector_takeout+gps_spoofing,uav_0,1785418707,True,156.2108452320099,False,True,,True,7.278970956802368,True,5.7220458984375e-05,0.1430051326751709,True,7.295855522155762,0.2212512157306339,-0.16692844121218364,1.0,0.29170530902740843,168.29023753899014,170.43878808209575,2.148550543105614,33.60841189940615,35.598580624476426,1.9901687250702746,0.0,1.0,50.0439,2.0,7,7,7,7,7,0.877,469,124853,938,0,0,,0,0,0
C_detector_takeout+gps_spoofing_r4_1785418928,dt_pass1,C,detector_takeout+gps_spoofing,uav_0,1785418928,True,156.67276406288147,False,True,,True,7.386329650878906,True,5.793571472167969e-05,0.1140596866607666,True,7.406296491622925,0.21051030160058304,-0.14623436213188057,1.0,0.2856664482212804,172.85260403544711,176.03370390935697,3.181099873909858,33.5806871074372,35.30517594006443,1.7244888326272316,0.0,1.0,49.9985,2.0,7,7,7,7,7,0.731,469,124877,938,0,0,,0,0,0
C_detector_takeout+gps_spoofing_r5_1785419150,dt_pass1,C,detector_takeout+gps_spoofing,uav_0,1785419150,True,156.20887184143066,False,True,,True,8.208467483520508,True,5.435943603515625e-05,0.13935017585754395,True,8.21549940109253,0.1677359638264626,-0.22244689425595254,1.0,0.296323177317003,164.09232538523932,167.7812907867949,3.6889654015555777,35.59310149716661,37.74416481644459,2.1510633192779833,0.0,1.0,50.0978,2.0,7,7,7,7,7,0.794,469,124881,938,0,0,,0,0,0
A_detector_takeout+gps_spoofing_r1_1785419674,dt_pass2,A,detector_takeout+gps_spoofing,uav_0,1785419674,True,157.20348501205444,False,True,,False,,True,,53.42449617385864,True,,49.9459934487574,49.19576526067814,0.6666666666666666,0.2570274694849676,15.648844136377818,19.4455727398136,3.7967286034357812,74.61307326084027,76.7122496676653,2.099176406825036,0.33333333333333337,0.6666666666666666,51.0144,2.0,7,7,7,7,7,0.94,0,0,0,0,0,,0,0,0
A_detector_takeout+gps_spoofing_r2_1785419896,dt_pass2,A,detector_takeout+gps_spoofing,uav_0,1785419896,True,157.2234401702881,False,True,,False,,True,,53.57333016395569,True,,49.68452135199399,49.15832464961311,0.6666666666666666,0.2842270010356702,15.8266815238689,19.50067613044041,3.6739946065715117,74.19542153337954,76.37821099314232,2.1827894597627684,0.33333333333333337,0.6666666666666666,50.9275,2.0,5,5,5,5,5,0.812,0,0,0,0,0,,0,0,0
A_detector_takeout+gps_spoofing_r3_1785420118,dt_pass2,A,detector_takeout+gps_spoofing,uav_0,1785420118,True,156.72325682640076,False,True,,False,,True,,,False,,49.79019213028228,,0.6666666666666666,0.19444002840856817,119.742715026979,124.41116579547634,4.668450768497337,76.1696401475835,80.22085840142128,4.051218253837796,0.33333333333333337,0.6666666666666666,50.7145,2.0,2,2,2,2,2,0.995,0,0,0,0,0,,0,0,0
A_detector_takeout+gps_spoofing_r4_1785420339,dt_pass2,A,detector_takeout+gps_spoofing,uav_0,1785420339,True,157.1861765384674,False,True,,False,,True,,33.45198726654053,True,,44.33949227140259,30.37675552371404,0.6666666666666666,5.8313082567758965,0.0,28.289519313678966,46.010995127153535,36.9689618074472,62.57636486028798,25.60740305284078,0.33333333333333337,0.6666666666666666,50.941,2.0,7,7,7,7,7,1.085,0,0,0,0,0,,0,0,0
A_detector_takeout+gps_spoofing_r5_1785420561,dt_pass2,A,detector_takeout+gps_spoofing,uav_0,1785420561,True,156.20382618904114,False,True,,False,,True,,54.35363698005676,True,,49.62820749876768,49.117171338061176,0.6666666666666666,0.3077817546406901,12.697561937749896,16.010852806916205,3.313290869166309,75.5783984190638,77.28596611604783,1.7075676969840337,0.33333333333333337,0.6666666666666666,50.9698,2.0,6,6,6,6,6,0.947,0,0,0,0,0,,0,0,0
B_detector_takeout+gps_spoofing_r1_1785420782,dt_pass2,B,detector_takeout+gps_spoofing,uav_0,1785420782,True,156.20589971542358,False,True,,False,,True,,54.48313856124878,True,,49.86379599332912,49.08156356099639,0.6666666666666666,0.30110528823148286,14.564038691655469,16.9632020035736,2.39916331191813,76.77173476689433,78.0479733271695,1.276238560275182,0.33333333333333337,0.6666666666666666,50.6737,2.0,7,7,7,7,7,0.99,0,0,0,0,0,,0,0,0
B_detector_takeout+gps_spoofing_r2_1785421003,dt_pass2,B,detector_takeout+gps_spoofing,uav_0,1785421003,True,156.70462584495544,False,True,,False,,True,,54.203774213790894,True,,49.90299675765562,49.197196931395304,0.6666666666666666,0.27123148573233113,13.271530216972707,16.397658009587076,3.126127792614369,75.72164800851904,77.51338796691087,1.7917399583918303,0.33333333333333337,0.6666666666666666,50.8046,2.0,7,7,7,7,7,0.786,0,0,0,0,0,,0,0,0
B_detector_takeout+gps_spoofing_r3_1785421224,dt_pass2,B,detector_takeout+gps_spoofing,uav_0,1785421224,True,157.6862189769745,False,True,,False,,True,,53.285224199295044,True,,49.82811451496936,49.153645994322034,0.6666666666666666,0.2651418189760767,0.20475602887290734,17.734208612150667,17.52945258327776,71.82453305838327,79.30653896984386,7.482005911460588,0.33333333333333337,0.6666666666666666,50.9112,2.0,7,7,7,7,7,0.738,0,0,0,0,0,,0,0,0
B_detector_takeout+gps_spoofing_r4_1785421446,dt_pass2,B,detector_takeout+gps_spoofing,uav_0,1785421446,True,157.21308279037476,False,True,,False,,True,,53.46590566635132,True,,49.660966211330745,49.173591847301,0.6666666666666666,0.28310877285300506,2.0568661514881796,17.597654387678176,15.540788236189996,70.98433573477365,77.8757381487586,6.891402413984945,0.33333333333333337,0.6666666666666666,50.7423,2.0,5,5,5,5,5,0.825,0,0,0,0,0,,0,0,0
B_detector_takeout+gps_spoofing_r5_1785421668,dt_pass2,B,detector_takeout+gps_spoofing,uav_0,1785421668,True,156.70032167434692,False,True,,False,,True,,54.25395846366882,True,,49.617161144499775,49.095987960995885,0.6666666666666666,0.3029055009083983,16.968169117981574,19.20620484225242,2.238035724270844,76.85740503968135,77.93794780310104,1.0805427634196916,0.33333333333333337,0.6666666666666666,50.8047,2.0,6,6,6,6,6,0.819,0,0,0,0,0,,0,0,0
C_detector_takeout+gps_spoofing_r1_1785421890,dt_pass2,C,detector_takeout+gps_spoofing,uav_0,1785421890,True,157.70073556900024,False,True,,True,7.414032220840454,True,0.0001862049102783203,0.015839099884033203,True,7.43415093421936,0.6507211810534919,-0.18496947094286326,1.0,0.26103852354490725,176.83690249308796,179.73022955322364,2.8933270601356753,31.344242311161228,33.24565763438428,1.9014153232230535,0.0,1.0,50.0398,2.0,6,6,6,6,6,1.022,472,125655,944,0,0,,0,0,0
C_detector_takeout+gps_spoofing_r2_1785422113,dt_pass2,C,detector_takeout+gps_spoofing,uav_0,1785422113,True,157.7073311805725,False,True,,True,7.47791314125061,True,5.316734313964844e-05,0.09723162651062012,True,7.501728773117065,0.2049606588930306,-0.2430582018918681,1.0,0.27915282333881386,178.11227067313672,180.90208246926568,2.7898117961289586,31.40825742411617,33.810255650903144,2.4019982267869766,0.0,1.0,50.0084,2.0,7,7,7,7,7,0.926,472,125671,944,0,0,,0,0,0
C_detector_takeout+gps_spoofing_r3_1785422336,dt_pass2,C,detector_takeout+gps_spoofing,uav_0,1785422336,True,157.7121136188507,False,True,,True,7.4892377853393555,True,5.1975250244140625e-05,0.20193982124328613,True,7.500371932983398,0.6403177305771415,-0.21883651181251906,1.0,0.27242512805913677,177.15856835183354,181.0960949070129,3.9375265551793746,29.3922125153101,31.637899529748935,2.245687014438835,0.0,1.0,50.0151,2.0,6,6,6,6,6,1.113,472,125704,944,0,0,,0,0,0
C_detector_takeout+gps_spoofing_r4_1785422560,dt_pass2,C,detector_takeout+gps_spoofing,uav_0,1785422560,True,156.7168800830841,False,True,,True,6.378772020339966,True,5.698204040527344e-05,0.15921497344970703,True,6.394256830215454,0.5249081332222046,-0.17810396941886364,1.0,0.27680854090041873,176.51576626665968,179.05504218552363,2.53927591886395,31.179490687285323,32.81921505794257,1.6397243706572482,0.0,1.0,50.0006,2.0,5,5,5,5,5,0.79,469,124881,938,0,0,,0,0,0
C_detector_takeout+gps_spoofing_r5_1785422782,dt_pass2,C,detector_takeout+gps_spoofing,uav_0,1785422782,True,157.21607208251953,False,True,,True,8.238065481185913,True,5.1975250244140625e-05,0.11371350288391113,True,8.259584665298462,0.15137732711419005,-0.1760773715603463,1.0,0.27343037161356776,170.70982722394868,173.7642828324615,3.054455608512825,36.16088813679996,37.92790041258185,1.767012275781886,0.0,1.0,50.0224,2.0,7,7,7,7,7,0.701,469,124915,938,0,0,,0,0,0
A_detector_takeout+gps_spoofing_r1_1785423307,dt_pass3,A,detector_takeout+gps_spoofing,uav_0,1785423307,True,105.61173796653748,True,False,errored,,,,,,,,,,,,,,,,,,,,30.1075,2.0,1,0,1,0,1,-29.507,0,0,0,0,3,heartbeat,0,3,0
A_detector_takeout+gps_spoofing_r2_1785423472,dt_pass3,A,detector_takeout+gps_spoofing,uav_0,1785423472,True,104.10917639732361,True,False,errored,,,,,,,,,,,,,,,,,,,,0.9884,0.0455,0,0,0,0,0,,0,0,0,0,3,heartbeat,0,3,0
A_detector_takeout+gps_spoofing_r3_1785423635,dt_pass3,A,detector_takeout+gps_spoofing,uav_0,1785423635,True,157.1782102584839,False,True,,False,,True,,53.83634066581726,True,,49.85855719722201,49.203114815451116,0.6666666666666666,0.295458999269993,15.21528281127209,28.46569571414358,13.250412902871489,52.18975069494756,59.31830719900521,7.128556504057645,0.33333333333333337,0.6666666666666666,50.7104,2.0,7,7,7,7,7,0.938,0,0,0,0,0,,0,0,0
A_detector_takeout+gps_spoofing_r4_1785423857,dt_pass3,A,detector_takeout+gps_spoofing,uav_0,1785423857,True,157.18165016174316,False,True,,False,,True,,55.48383855819702,True,,49.87570374485053,49.02225369559311,0.6666666666666666,0.3078616762069015,15.902685674349868,17.687737392359338,1.7850517180094698,75.4838093044548,77.55069146610107,2.066882161646272,0.33333333333333337,0.6666666666666666,50.6853,2.0,7,7,7,7,7,0.929,0,0,0,0,0,,0,0,0
A_detector_takeout+gps_spoofing_r5_1785424079,dt_pass3,A,detector_takeout+gps_spoofing,uav_0,1785424079,True,156.72830629348755,False,True,,False,,True,,54.472241163253784,True,,49.96929176833479,49.176024024518426,0.6666666666666666,0.28238856939398227,14.513124257819015,17.217945038658286,2.7048207808392704,75.7555786371685,77.58865253947123,1.8330739023027243,0.33333333333333337,0.6666666666666666,50.8476,2.0,7,7,7,7,7,1.025,0,0,0,0,0,,0,0,0
B_detector_takeout+gps_spoofing_r1_1785424300,dt_pass3,B,detector_takeout+gps_spoofing,uav_0,1785424300,True,156.71662545204163,False,True,,False,,True,,,False,,49.808118448972074,,0.6666666666666666,0.2512546797585512,1.6163928522981905,23.734822198403663,22.118429346105472,52.688811620872436,57.02731066671933,4.338499045846895,0.33333333333333337,0.6666666666666666,50.6458,2.0,7,7,7,7,7,1.08,0,0,0,0,0,,0,0,0
B_detector_takeout+gps_spoofing_r2_1785424521,dt_pass3,B,detector_takeout+gps_spoofing,uav_0,1785424521,True,156.7099208831787,False,True,,False,,True,4.4345855712890625e-05,118.68908834457397,True,,49.87142142673967,49.13726432283044,0.6666666666666666,0.2942088936800076,0.0,105.94419794430195,106.48286862928467,51.68280889972574,59.94905948655541,8.26625058682967,0.33333333333333337,0.6666666666666666,50.769,2.0,7,7,7,7,7,0.976,0,0,0,0,1,gps,1,0,0
B_detector_takeout+gps_spoofing_r3_1785424743,dt_pass3,B,detector_takeout+gps_spoofing,uav_0,1785424743,True,157.1605143547058,False,True,,False,,True,,53.481568813323975,True,,49.88779418331259,49.13339650313771,0.6666666666666666,0.2639391922551937,15.368257019596768,19.174229183858188,3.8059721642614193,74.6246422840886,76.74316403067898,2.1185217465903943,0.33333333333333337,0.6666666666666666,50.9968,2.0,7,7,7,7,7,0.818,0,0,0,0,0,,0,0,0
B_detector_takeout+gps_spoofing_r4_1785424964,dt_pass3,B,detector_takeout+gps_spoofing,uav_0,1785424964,True,157.21372246742249,False,True,,False,,False,5.459785461425781e-05,113.50926375389099,True,,49.736249407761626,49.10465583714163,0.3333333333333333,0.29608309023549373,0.0,371.4802956837794,450.966309239631,26.459571309402463,49.86279606035157,23.403224750949107,0.6666666666666667,0.3333333333333333,50.8849,2.0,5,5,5,5,6,1.049,0,0,0,0,1,gps,1,0,0
B_detector_takeout+gps_spoofing_r5_1785425186,dt_pass3,B,detector_takeout+gps_spoofing,uav_0,1785425186,True,156.19862866401672,False,True,,False,,True,,54.384469985961914,True,,49.857276490304656,49.1196801178348,0.6666666666666666,0.29516207658858085,13.674451247224425,16.785540688461083,3.1110894412366576,74.98602855148276,76.93240832307643,1.9463797715936713,0.33333333333333337,0.6666666666666666,50.9617,2.0,7,7,7,7,7,0.804,0,0,0,0,0,,0,0,0
C_detector_takeout+gps_spoofing_r1_1785425407,dt_pass3,C,detector_takeout+gps_spoofing,uav_0,1785425407,True,156.71837162971497,False,True,,True,8.27818751335144,True,5.435943603515625e-05,0.1718738079071045,True,8.29401445388794,0.19051917532281948,-0.19463236675420603,1.0,0.2880101624459179,168.99873869820362,171.77774114076215,2.7790024425585216,36.057191878427524,37.947051606105674,1.8898597276781532,0.0,1.0,50.061,2.0,7,7,7,7,7,0.973,469,124858,938,0,0,,0,0,0
C_detector_takeout+gps_spoofing_r2_1785425630,dt_pass3,C,detector_takeout+gps_spoofing,uav_0,1785425630,True,156.70948886871338,False,True,,True,7.422555923461914,True,4.887580871582031e-05,0.1820054054260254,True,7.432363271713257,0.13578949059677115,-0.08148114942087048,1.0,0.28022983546123115,172.7517802005051,175.87176847958733,3.1199882790822357,33.12148114574818,35.022806446766296,1.9013253010181193,0.0,1.0,50.0406,2.0,7,7,7,7,7,0.992,469,124845,938,0,0,,0,0,0
C_detector_takeout+gps_spoofing_r3_1785425852,dt_pass3,C,detector_takeout+gps_spoofing,uav_0,1785425852,True,157.18908786773682,False,True,,True,7.393847465515137,True,6.103515625e-05,0.16806864738464355,True,7.411109209060669,0.17129533978326938,-0.06708450118757214,1.0,0.2773486101638175,176.33878149148205,178.5728317129836,2.2340502215015476,33.47733323267392,34.70898509677519,1.2316518641012637,0.0,1.0,50.0395,2.0,7,7,7,7,7,0.891,469,124892,938,0,0,,0,0,0
C_detector_takeout+gps_spoofing_r4_1785426075,dt_pass3,C,detector_takeout+gps_spoofing,uav_0,1785426075,True,157.68433570861816,False,True,,True,8.003572702407837,True,0.00010776519775390625,0.19521379470825195,True,8.021106004714966,0.22804165230193263,-0.06885096823060621,1.0,0.2340489045371008,169.60442496759774,173.3455633279425,3.741138360344763,34.48006768168705,36.93862425589767,2.4585565742106175,0.0,1.0,50.0281,2.0,7,7,7,7,7,0.589,472,125660,944,0,0,,0,0,0
C_detector_takeout+gps_spoofing_r5_1785426298,dt_pass3,C,detector_takeout+gps_spoofing,uav_0,1785426298,True,157.20966362953186,False,True,,True,8.306035041809082,True,5.364418029785156e-05,0.04360675811767578,True,8.313771724700928,0.06914800779992519,-0.2220061047232093,1.0,0.35538274766668393,176.44733295147967,180.22803300838183,3.7807000569021625,28.072555075403383,31.673000382198108,3.6004453067947244,0.0,1.0,50.0426,2.0,7,7,7,7,7,0.681,469,124888,938,0,0,,0,0,0
A_detector_takeout+gps_spoofing_r1_1785426823,dt_pass4,A,detector_takeout+gps_spoofing,uav_0,1785426823,True,156.69280695915222,False,True,,False,,True,,53.88604712486267,True,,49.8707117394995,49.192443445704235,0.6666666666666666,0.28789772629514765,15.763054609736798,19.514005479432058,3.7509508696952594,74.94418126618773,77.11937688775915,2.1751956215714205,0.33333333333333337,0.6666666666666666,50.8381,2.0,7,7,7,7,7,0.901,0,0,0,0,0,,0,0,0
A_detector_takeout+gps_spoofing_r2_1785427044,dt_pass4,A,detector_takeout+gps_spoofing,uav_0,1785427044,True,156.20049905776978,False,True,,False,,True,,54.72824287414551,True,,49.96009821868938,49.24170112475922,0.6666666666666666,0.2699852485959333,13.692263970953945,16.16157058386119,2.4693066129072463,75.98091271350455,78.5089848634956,2.5280721499910417,0.33333333333333337,0.6666666666666666,50.802,2.0,7,7,7,7,7,0.861,0,0,0,0,0,,0,0,0
A_detector_takeout+gps_spoofing_r3_1785427265,dt_pass4,A,detector_takeout+gps_spoofing,uav_0,1785427265,True,156.7107014656067,False,True,,False,,True,,53.437161445617676,True,,49.97537686491643,49.1285783960662,0.6666666666666666,0.29109535973461576,15.855854378743004,19.236341613100933,3.380487234357929,75.93280551997977,77.44513193862875,1.5123264186489753,0.33333333333333337,0.6666666666666666,50.8978,2.0,7,7,7,7,7,0.811,0,0,0,0,0,,0,0,0
A_detector_takeout+gps_spoofing_r4_1785427487,dt_pass4,A,detector_takeout+gps_spoofing,uav_0,1785427487,True,157.19788599014282,False,True,,False,,True,,53.81485629081726,True,,49.8776526168611,49.16270894176441,0.6666666666666666,0.28788797095580887,15.66828186435464,18.509669335787578,2.841387471432938,76.18329748924045,77.73393759071551,1.5506401014750675,0.33333333333333337,0.6666666666666666,50.9393,2.0,7,7,7,7,7,0.878,0,0,0,0,0,,0,0,0
A_detector_takeout+gps_spoofing_r5_1785427708,dt_pass4,A,detector_takeout+gps_spoofing,uav_0,1785427708,True,157.7262818813324,False,True,,False,,True,,53.33635640144348,True,,49.84248727719881,49.19349295463006,0.6666666666666666,0.27420741455453523,15.291996774870455,18.84482246928974,3.5528256944192833,74.8546933479016,76.8027304835499,1.948037135648288,0.33333333333333337,0.6666666666666666,50.8116,2.0,7,7,7,7,7,0.653,0,0,0,0,0,,0,0,0
B_detector_takeout+gps_spoofing_r1_1785427931,dt_pass4,B,detector_takeout+gps_spoofing,uav_0,1785427931,True,156.22044348716736,False,True,,False,,True,,54.46973180770874,True,,49.58076380922624,49.02107776327723,0.6666666666666666,0.298025998336076,12.285027398066148,16.093562746465636,3.808535348399488,73.73513327796859,76.11097182487163,2.375838546903037,0.33333333333333337,0.6666666666666666,50.784,2.0,6,6,6,6,6,0.834,0,0,0,0,0,,0,0,0
B_detector_takeout+gps_spoofing_r2_1785428152,dt_pass4,B,detector_takeout+gps_spoofing,uav_0,1785428152,True,157.68564677238464,False,True,,False,,True,,54.04214668273926,True,,49.65453424160659,49.18201111645395,0.6666666666666666,0.306906053047158,16.217172444914638,18.582344280435905,2.3651718355212665,75.78216594753208,77.29150125481043,1.5093353072783526,0.33333333333333337,0.6666666666666666,50.9799,2.0,5,5,5,5,5,0.861,0,0,0,0,0,,0,0,0
B_detector_takeout+gps_spoofing_r3_1785428374,dt_pass4,B,detector_takeout+gps_spoofing,uav_0,1785428374,True,156.72113132476807,False,True,,False,,True,,55.35229516029358,True,,49.8736630667761,49.07333086480243,0.6666666666666666,0.29049103511400515,6.574099229854085,30.16477580964613,23.590676579792046,65.46082215577313,75.0326486359989,9.57182648022577,0.33333333333333337,0.6666666666666666,50.8169,2.0,7,7,7,7,7,0.923,0,0,0,0,0,,0,0,0
B_detector_takeout+gps_spoofing_r4_1785428595,dt_pass4,B,detector_takeout+gps_spoofing,uav_0,1785428595,True,157.18801379203796,False,True,,False,,True,,53.90369486808777,True,,49.91413689498804,49.16855629771603,0.6666666666666666,0.2876597413566032,15.710063906142949,18.396686563567755,2.686622657424806,74.78501366010755,76.86312375334508,2.0781100932375294,0.33333333333333337,0.6666666666666666,50.6513,2.0,4,4,4,4,4,1.022,0,0,0,0,0,,0,0,0
B_detector_takeout+gps_spoofing_r5_1785428817,dt_pass4,B,detector_takeout+gps_spoofing,uav_0,1785428817,True,155.70208954811096,False,True,,False,,True,,54.917582273483276,True,,49.99505237766606,49.100536693595885,0.6666666666666666,0.29232158519600127,13.59992323268392,16.65105360417931,3.0511303714953897,75.97639949067965,77.51181492413617,1.535415433456523,0.33333333333333337,0.6666666666666666,50.6241,2.0,7,7,7,7,7,0.874,0,0,0,0,0,,0,0,0
C_detector_takeout+gps_spoofing_r1_1785429037,dt_pass4,C,detector_takeout+gps_spoofing,uav_0,1785429037,True,156.72876024246216,False,True,,True,7.378464698791504,True,4.839897155761719e-05,0.11836004257202148,True,7.390630722045898,0.23183091989448457,0.01902765914148752,1.0,0.26393482997750084,172.89668077312302,176.15805314308176,3.2613723699587354,33.23482616920553,34.82773824538142,1.5929120761758884,0.0,1.0,50.0115,2.0,7,7,7,7,7,1.0,469,124882,938,0,0,,0,0,0
C_detector_takeout+gps_spoofing_r2_1785429259,dt_pass4,C,detector_takeout+gps_spoofing,uav_0,1785429259,True,156.71072816848755,False,True,,True,8.29782748222351,True,4.9114227294921875e-05,0.13781332969665527,True,8.307876825332642,0.16981516651303252,-0.23513389720175937,1.0,0.30398665264716485,167.03953396003524,170.04477495990426,3.0052409998690166,35.96240864026857,38.34839448358406,2.3859858433154906,0.0,1.0,50.0,2.0,7,7,7,7,7,0.775,469,124891,938,0,0,,0,0,0
C_detector_takeout+gps_spoofing_r3_1785429482,dt_pass4,C,detector_takeout+gps_spoofing,uav_0,1785429482,True,156.71011424064636,False,True,,True,8.288431167602539,True,5.1975250244140625e-05,0.03811502456665039,True,8.306056261062622,0.19765465288509532,-0.22914031157751857,1.0,0.31584127311462495,167.52239430516693,170.91798943544535,3.395595130278423,35.22464134439249,37.45801016136406,2.2333688169715717,0.0,1.0,49.9999,2.0,7,7,7,7,7,0.949,469,124869,938,0,0,,0,0,0
C_detector_takeout+gps_spoofing_r4_1785429704,dt_pass4,C,detector_takeout+gps_spoofing,uav_0,1785429704,True,156.6933398246765,False,True,,True,7.307052373886108,True,6.008148193359375e-05,0.1574721336364746,True,7.324250936508179,1.4217591347848213,0.44986357040992964,1.0,0.2922230774413812,167.76812551772073,170.63299721828452,2.864871700563782,30.527316054156188,32.74453171666704,2.217215662510854,0.0,1.0,50.0771,2.0,7,7,7,7,7,0.925,469,124874,938,0,0,,0,0,0
C_detector_takeout+gps_spoofing_r5_1785429926,dt_pass4,C,detector_takeout+gps_spoofing,uav_0,1785429926,True,157.1864697933197,False,True,,True,6.327123165130615,True,9.441375732421875e-05,0.09265661239624023,True,6.344688892364502,0.6011191499742912,-0.18531413361225574,1.0,0.28613159277111705,176.71159907058467,179.5612413798459,2.8496423092612417,30.942970335998492,32.753462741944226,1.810492405945733,0.0,1.0,49.9982,2.0,5,5,5,5,5,0.815,469,124893,938,0,0,,0,0,0
A_detector_takeout+gps_spoofing_r1_1785430451,dt_pass5,A,detector_takeout+gps_spoofing,uav_0,1785430451,True,156.69549989700317,False,True,,False,,True,,53.66639065742493,True,,49.59332027752918,49.088001440087396,0.6666666666666666,0.27091843613949607,16.42420743221939,19.202993238205636,2.778785805986246,75.06209936163187,77.31759636853602,2.255497006904145,0.33333333333333337,0.6666666666666666,50.9097,2.0,5,5,5,5,5,0.899,0,0,0,0,0,,0,0,0
A_detector_takeout+gps_spoofing_r2_1785430672,dt_pass5,A,detector_takeout+gps_spoofing,uav_0,1785430672,True,156.20156836509705,False,True,,False,,True,,54.68849444389343,True,,49.842596004578034,49.144648182304785,0.6666666666666666,0.3220582356614173,12.397516200805597,16.18999883536077,3.7924826345551708,75.21466997564809,77.01825893064013,1.803588954992033,0.33333333333333337,0.6666666666666666,50.4624,2.0,7,7,7,7,7,0.763,0,0,0,0,0,,0,0,0
A_detector_takeout+gps_spoofing_r3_1785430893,dt_pass5,A,detector_takeout+gps_spoofing,uav_0,1785430893,True,156.20550417900085,False,True,,False,,True,,,False,,49.77128624267054,,0.6666666666666666,0.33660797026578754,0.10195293328160915,11.236160705909867,11.134207772628258,55.9931351692195,76.24689159527688,20.25375642605738,0.33333333333333337,0.6666666666666666,50.5632,2.0,7,7,7,7,7,0.743,0,0,0,0,0,,0,0,0
A_detector_takeout+gps_spoofing_r4_1785431114,dt_pass5,A,detector_takeout+gps_spoofing,uav_0,1785431114,True,156.72974801063538,False,True,,False,,True,,53.89567589759827,True,,49.68466317368536,49.18004800605285,0.6666666666666666,0.2888526958294193,15.549551888347168,18.825890607433678,3.2763387190865103,74.72201787836919,77.03494049398104,2.3129226156118583,0.33333333333333337,0.6666666666666666,50.5216,2.0,5,5,5,5,5,0.839,0,0,0,0,0,,0,0,0
A_detector_takeout+gps_spoofing_r5_1785431335,dt_pass5,A,detector_takeout+gps_spoofing,uav_0,1785431335,True,156.2087275981903,False,True,,False,,True,,54.56774020195007,True,,49.86549916132248,49.08253781321295,0.6666666666666666,0.3018744555762406,13.014225788941928,16.233245487985585,3.219019699043656,75.6655367732216,77.79554369781029,2.130006924588689,0.33333333333333337,0.6666666666666666,50.5702,2.0,7,7,7,7,7,0.822,0,0,0,0,0,,0,0,0
B_detector_takeout+gps_spoofing_r1_1785431556,dt_pass5,B,detector_takeout+gps_spoofing,uav_0,1785431556,True,155.70264077186584,False,True,,False,,True,,54.53054976463318,True,,49.88694850250095,49.050437131353036,0.6666666666666666,0.28779452750412027,12.05146604852851,15.648098841495482,3.5966327929669717,75.12396361537702,77.1001747222339,1.9762111068568862,0.33333333333333337,0.6666666666666666,50.3766,2.0,7,7,7,7,7,0.965,0,0,0,0,0,,0,0,0
B_detector_takeout+gps_spoofing_r2_1785431777,dt_pass5,B,detector_takeout+gps_spoofing,uav_0,1785431777,True,156.20990252494812,False,True,,False,,True,,54.56030249595642,True,,49.776608549741866,49.08142289257883,0.6666666666666666,0.36000605538065145,12.517350130342749,16.552531630264923,4.0351814999221745,73.84673658112666,76.18120529068099,2.3344687095543355,0.33333333333333337,0.6666666666666666,50.7793,2.0,7,7,7,7,7,1.025,0,0,0,0,0,,0,0,0
B_detector_takeout+gps_spoofing_r3_1785431997,dt_pass5,B,detector_takeout+gps_spoofing,uav_0,1785431997,True,155.71378922462463,False,True,,False,,True,,54.589972734451294,True,,49.617386515296396,49.04264989267655,0.6666666666666666,0.29671844150615817,13.898963115445468,16.718522881303613,2.819559765858145,75.27962064516758,77.37665144990429,2.0970308047367103,0.33333333333333337,0.6666666666666666,50.699,2.0,6,6,6,6,6,0.817,0,0,0,0,0,,0,0,0
B_detector_takeout+gps_spoofing_r4_1785432218,dt_pass5,B,detector_takeout+gps_spoofing,uav_0,1785432218,True,157.21017789840698,False,True,,False,,True,,34.81927180290222,True,,49.77910515998341,40.183450334973756,0.6666666666666666,0.35136203611893113,0.0,16.183204750958623,18.150814753469234,41.87243177598981,48.7863570228484,6.913925246858593,0.33333333333333337,0.6666666666666666,50.9582,2.0,7,7,7,7,7,0.853,0,0,0,0,0,,0,0,0
B_detector_takeout+gps_spoofing_r5_1785432440,dt_pass5,B,detector_takeout+gps_spoofing,uav_0,1785432440,True,157.19044661521912,False,True,,False,,True,,53.765342473983765,True,,49.82760737527708,49.117942435318554,0.6666666666666666,0.30902196651562264,15.822820828293487,18.919613382647242,3.0967925543537547,74.94049558312659,76.83655607046275,1.8960604873361606,0.33333333333333337,0.6666666666666666,50.7871,2.0,7,7,7,7,7,0.816,0,0,0,0,0,,0,0,0
C_detector_takeout+gps_spoofing_r1_1785432661,dt_pass5,C,detector_takeout+gps_spoofing,uav_0,1785432661,True,156.2123339176178,False,True,,True,5.405416965484619,True,5.793571472167969e-05,0.1246647834777832,True,5.416894435882568,1.0922319009643893,0.054880744318529295,1.0,0.2961414902109034,177.6095536694139,180.9787164968917,3.369162827477794,27.72541918215749,29.817804371520683,2.0923851893631924,0.0,1.0,50.0318,2.0,4,4,4,4,4,0.89,469,124886,938,0,0,,0,0,0
C_detector_takeout+gps_spoofing_r2_1785432883,dt_pass5,C,detector_takeout+gps_spoofing,uav_0,1785432883,True,156.689781665802,False,True,,True,7.408829212188721,True,4.9591064453125e-05,0.023532629013061523,True,7.424962759017944,0.29907391059334465,-0.10673326584722709,1.0,0.2621260952326505,171.69673876497313,175.40997291231486,3.7132341473417227,33.013087594087835,35.217919007847655,2.204831413759817,0.0,1.0,49.9847,2.0,7,7,7,7,7,0.737,469,124882,938,0,0,,0,0,0
C_detector_takeout+gps_spoofing_r3_1785433105,dt_pass5,C,detector_takeout+gps_spoofing,uav_0,1785433105,True,157.1891667842865,False,True,,True,8.168006658554077,True,5.459785461425781e-05,0.18930363655090332,True,8.180651664733887,16.732890748150208,3.3717332889495593,1.0,0.28626352062897453,139.09766849133194,143.22745524872914,4.1297867573971985,38.5940752588388,41.52147497217366,2.9273997133348537,0.33333333333333337,1.0,50.0318,2.0,7,7,7,7,7,0.784,469,124825,938,0,0,,0,0,0
C_detector_takeout+gps_spoofing_r4_1785433328,dt_pass5,C,detector_takeout+gps_spoofing,uav_0,1785433328,True,157.70032405853271,False,True,,True,7.511261224746704,True,0.0001270771026611328,0.11153364181518555,True,7.52715277671814,0.17524156085802645,-0.17186681980320984,1.0,0.27990859456328465,177.67291507595385,181.70133936225255,4.028424286298701,30.37531024238213,32.46308693086344,2.0877766884813096,0.0,1.0,49.9997,2.0,7,7,7,7,7,1.066,472,125717,944,0,0,,0,0,0
C_detector_takeout+gps_spoofing_r5_1785433552,dt_pass5,C,detector_takeout+gps_spoofing,uav_0,1785433552,True,157.72223925590515,False,True,,True,7.470408201217651,True,0.00020265579223632812,0.02010941505432129,True,7.482064723968506,0.17383625686223425,-0.07642705033046937,1.0,0.2837760308842938,177.096169476941,181.1155103187911,4.0193408418501235,30.670606283158488,33.166392860693044,2.495786577534557,0.0,1.0,50.0538,2.0,7,7,7,7,7,0.849,472,125662,944,0,0,,0,0,0
A_detector_takeout+gps_spoofing_r1_1785434077,dt_pass6,A,detector_takeout+gps_spoofing,uav_0,1785434077,True,156.709374666214,False,True,,False,,True,,53.570460081100464,True,,49.639458725118786,49.08415011331731,0.6666666666666666,0.3080564470968212,15.904144148960825,18.51798599563182,2.6138418466709936,75.41362962406356,77.08985162887062,1.676222004807056,0.33333333333333337,0.6666666666666666,50.7515,2.0,5,5,5,5,5,0.803,0,0,0,0,0,,0,0,0
A_detector_takeout+gps_spoofing_r2_1785434298,dt_pass6,A,detector_takeout+gps_spoofing,uav_0,1785434298,True,156.6913285255432,False,True,,False,,True,,54.83969306945801,True,,49.917215689796116,49.112968593619115,0.6666666666666666,0.28329874693193347,12.073617930283831,15.859509391517122,3.785891461233291,73.84470782120475,76.72403370063108,2.8793258794263323,0.33333333333333337,0.6666666666666666,50.9641,2.0,7,7,7,7,7,0.974,0,0,0,0,0,,0,0,0
A_detector_takeout+gps_spoofing_r3_1785434520,dt_pass6,A,detector_takeout+gps_spoofing,uav_0,1785434520,True,155.68281626701355,False,True,,False,,True,,54.6346218585968,True,,49.78535112945461,49.18849695091751,0.6666666666666666,0.29112734411535324,12.205882988415311,16.165048478655308,3.9591654902399966,74.53625141898281,76.57015393316895,2.03390251418614,0.33333333333333337,0.6666666666666666,50.9143,2.0,5,5,5,5,5,1.166,0,0,0,0,0,,0,0,0
A_detector_takeout+gps_spoofing_r4_1785434740,dt_pass6,A,detector_takeout+gps_spoofing,uav_0,1785434740,True,156.2036201953888,False,True,,False,,True,,54.54933762550354,True,,49.660040005462804,49.06531999065218,0.6666666666666666,0.2991902358602032,11.321896394982844,15.688215253713167,4.366318858730324,73.93001097622805,76.34691554827997,2.4169045720519255,0.33333333333333337,0.6666666666666666,50.9481,2.0,6,6,6,6,6,0.919,0,0,0,0,0,,0,0,0
A_detector_takeout+gps_spoofing_r5_1785434961,dt_pass6,A,detector_takeout+gps_spoofing,uav_0,1785434961,True,156.7176854610443,False,True,,False,,True,,54.43616461753845,True,,49.93631181196972,49.14796172261856,0.6666666666666666,0.26602305074294463,218.4365069408255,497.0816467551469,278.6451398143214,49.01836401494036,76.64008131872397,27.62171730378361,0.33333333333333337,0.6666666666666666,50.9169,2.0,7,7,7,7,7,0.785,0,0,0,0,0,,0,0,0
B_detector_takeout+gps_spoofing_r1_1785435182,dt_pass6,B,detector_takeout+gps_spoofing,uav_0,1785435182,True,156.17669677734375,False,True,,False,,True,,54.647438764572144,True,,49.89729427766143,49.19075638660736,0.6666666666666666,0.2781960570927886,14.085346241945729,16.407609630867114,2.3222633889213853,75.23215129382719,77.69495658863768,2.462805294810498,0.33333333333333337,0.6666666666666666,50.8303,2.0,7,7,7,7,7,0.712,0,0,0,0,0,,0,0,0
B_detector_takeout+gps_spoofing_r2_1785435402,dt_pass6,B,detector_takeout+gps_spoofing,uav_0,1785435402,True,156.2233283519745,False,True,,False,,True,,54.39023947715759,True,,49.68408205904081,48.998461260263504,0.6666666666666666,0.28303363015561955,12.011809299495496,15.90273633200502,3.8909270325095235,74.34868578619654,76.50490924521915,2.1562234590226117,0.33333333333333337,0.6666666666666666,50.9182,2.0,6,6,6,6,6,0.835,0,0,0,0,0,,0,0,0
B_detector_takeout+gps_spoofing_r3_1785435623,dt_pass6,B,detector_takeout+gps_spoofing,uav_0,1785435623,True,156.71025347709656,False,True,,False,,True,,53.586241722106934,True,,49.75335191847904,49.09035138826463,0.6666666666666666,0.2566982566049205,1.3567825680930525,19.809113710351255,18.452331142258203,70.32548682220124,77.50584267925736,7.180355857056121,0.33333333333333337,0.6666666666666666,50.9289,2.0,5,5,5,5,5,1.02,0,0,0,0,0,,0,0,0
B_detector_takeout+gps_spoofing_r4_1785435845,dt_pass6,B,detector_takeout+gps_spoofing,uav_0,1785435845,True,156.70666813850403,False,True,,False,,True,,54.463411808013916,True,,49.72236210451673,49.16523526293551,0.6666666666666666,0.2691370201721277,11.459160822962644,15.913877047267533,4.454716224304889,73.40496464118469,76.40497056882774,3.000005927643045,0.33333333333333337,0.6666666666666666,50.7123,2.0,6,6,6,6,6,0.838,0,0,0,0,0,,0,0,0
B_detector_takeout+gps_spoofing_r5_1785436066,dt_pass6,B,detector_takeout+gps_spoofing,uav_0,1785436066,True,157.20256423950195,False,True,,False,,False,4.57763671875e-05,78.85776448249817,True,,49.73636044255634,49.15206036931714,0.6666666666666666,0.3078462642294557,11.992795787089449,135.75500355440926,123.76220776731981,19.46128629421628,107.96863929606464,88.50735300184836,0.33333333333333337,0.6666666666666666,50.7814,2.0,5,5,5,5,7,1.061,0,0,0,0,1,gps,1,0,0
C_detector_takeout+gps_spoofing_r1_1785436288,dt_pass6,C,detector_takeout+gps_spoofing,uav_0,1785436288,True,156.7172245979309,False,True,,True,8.233315229415894,True,5.1975250244140625e-05,0.14286017417907715,True,8.253003597259521,0.3196021307150741,-0.2598413393960239,1.0,0.3024868470674828,165.97951295399048,169.51768319902664,3.538170245036156,35.38046939748192,37.624824315710924,2.244354918229006,0.0,1.0,50.0244,2.0,7,7,7,7,7,0.914,469,124876,938,0,0,,0,0,0
C_detector_takeout+gps_spoofing_r2_1785436510,dt_pass6,C,detector_takeout+gps_spoofing,uav_0,1785436510,True,156.6976888179779,False,True,,True,7.3203513622283936,True,5.53131103515625e-05,0.13889718055725098,True,7.333337306976318,0.7696600362227421,0.15898752508396363,1.0,0.299440841626069,172.9509388637241,175.88980900398195,2.9388701402578477,34.102795194376135,35.692398643869836,1.5896034494937012,0.0,1.0,50.02,2.0,7,7,7,7,7,0.942,469,124894,938,0,0,,0,0,0
C_detector_takeout+gps_spoofing_r3_1785436732,dt_pass6,C,detector_takeout+gps_spoofing,uav_0,1785436732,True,157.69837141036987,False,True,,True,7.410920858383179,True,6.222724914550781e-05,0.08899807929992676,True,7.432034254074097,0.28404697585950245,-0.22038469634201008,1.0,0.2983894582158203,172.32743194038426,177.6987368389963,5.371304898612038,29.698378711862688,33.72837537158777,4.0299966597250805,0.0,1.0,50.0459,2.0,7,7,7,7,7,0.88,472,125671,944,0,0,,0,0,0
C_detector_takeout+gps_spoofing_r4_1785436956,dt_pass6,C,detector_takeout+gps_spoofing,uav_0,1785436956,True,156.7074475288391,False,True,,True,5.441160678863525,True,5.173683166503906e-05,0.1691274642944336,True,5.461627960205078,0.5684718928459453,-0.1227322075024837,1.0,0.297860729835179,177.82958410619108,181.174658388934,3.345074282742928,29.34987288294617,31.78037623561636,2.430503352670191,0.0,1.0,50.0339,2.0,4,4,4,4,4,0.89,469,124885,938,0,0,,0,0,0
C_detector_takeout+gps_spoofing_r5_1785437178,dt_pass6,C,detector_takeout+gps_spoofing,uav_0,1785437178,True,157.20440983772278,False,True,,True,8.214304685592651,True,0.00030541419982910156,0.18715524673461914,True,8.227027654647827,1.8637945074738766,1.2366290543953475,1.0,0.7117836326332778,171.05528384829017,179.99000846291455,8.934724614624372,6.018532497714531,26.130617439040247,20.112084941325715,0.0,1.0,49.9984,2.0,7,7,7,7,7,0.675,469,124905,938,0,0,,0,0,0
A_monitor_takeout+gps_spoofing_r1_1785437703,mt_pass1,A,monitor_takeout+gps_spoofing,uav_0,1785437703,True,156.7005639076233,False,True,,False,,True,,54.45253038406372,True,,49.92476800216906,49.10849935729835,0.6666666666666666,0.2941800764658446,12.511982151017975,16.227217883291075,3.7152357322731007,74.76768637633556,77.24115589441197,2.473469518076411,0.33333333333333337,0.6666666666666666,1.0387,0.0318,0,0,0,0,0,,0,0,0,0,0,,0,0,0
A_monitor_takeout+gps_spoofing_r2_1785437924,mt_pass1,A,monitor_takeout+gps_spoofing,uav_0,1785437924,True,156.68844962120056,False,True,,False,,True,,54.49249482154846,True,,49.855547049936405,49.10422190040194,0.6666666666666666,0.309677606866682,11.232807725700695,15.467133026794613,4.234325301093918,74.12685305243042,76.47845058829135,2.3515975358609262,0.33333333333333337,0.6666666666666666,0.9548,0.0251,0,0,0,0,0,,0,0,0,0,0,,0,0,0
A_monitor_takeout+gps_spoofing_r3_1785438145,mt_pass1,A,monitor_takeout+gps_spoofing,uav_0,1785438145,True,156.71271753311157,False,True,,False,,True,,54.24296689033508,True,,49.92866112759826,49.20578814621862,0.6666666666666666,0.24419413606523233,14.678775249846012,17.010306409524276,2.3315311596782635,76.08939623788866,77.77969244130406,1.6902962034154014,0.33333333333333337,0.6666666666666666,1.0182,0.0444,0,0,0,0,0,,0,0,0,0,0,,0,0,0
A_monitor_takeout+gps_spoofing_r4_1785438366,mt_pass1,A,monitor_takeout+gps_spoofing,uav_0,1785438366,True,156.7128143310547,False,True,,False,,True,,53.91260743141174,True,,49.85246061290722,49.01009727051566,0.6666666666666666,0.29085972775498803,13.822069477229434,16.464171876789464,2.642102399560031,74.31399764168569,76.44668909995272,2.132691458267039,0.33333333333333337,0.6666666666666666,0.948,0.0362,0,0,0,0,0,,0,0,0,0,0,,0,0,0
A_monitor_takeout+gps_spoofing_r5_1785438587,mt_pass1,A,monitor_takeout+gps_spoofing,uav_0,1785438587,True,156.21084308624268,False,True,,False,,True,,54.7349214553833,True,,49.90055577821996,49.069621203932336,0.6666666666666666,0.3071347190579086,12.964635230702982,16.372945272799768,3.4083100420967867,75.39912494701792,77.27438841584089,1.8752634688229657,0.33333333333333337,0.6666666666666666,1.0067,0.0391,0,0,0,0,0,,0,0,0,0,0,,0,0,0
B_monitor_takeout+gps_spoofing_r1_1785438807,mt_pass1,B,monitor_takeout+gps_spoofing,uav_0,1785438807,True,157.181499004364,False,True,,True,3.0487313270568848,True,4.8160552978515625e-05,50.5644896030426,True,,49.84605870217647,49.12183945607421,0.6666666666666666,0.31402655909688804,15.725341588637946,18.779218473350795,3.0538768847128495,75.41805202536699,77.35677287391641,1.9387208485494232,0.33333333333333337,0.6666666666666666,51.013,2.0,7,7,7,7,7,1.056,0,0,0,0,0,,0,0,0
B_monitor_takeout+gps_spoofing_r2_1785439029,mt_pass1,B,monitor_takeout+gps_spoofing,uav_0,1785439029,True,156.6750729084015,False,True,,True,2.7656590938568115,True,4.6253204345703125e-05,51.78490114212036,True,,49.956887527900236,49.132126523708756,0.6666666666666666,0.2786269427080214,10.423830139521186,15.2210843059259,4.797254166404713,74.26948119817098,76.6251320258227,2.3556508276517105,0.33333333333333337,0.6666666666666666,50.6901,2.0,7,7,7,7,7,0.806,0,0,0,0,0,,0,0,0
B_monitor_takeout+gps_spoofing_r3_1785439250,mt_pass1,B,monitor_takeout+gps_spoofing,uav_0,1785439250,True,155.7034056186676,False,True,,True,3.093768358230591,True,0.0002682209014892578,51.56133580207825,True,,49.95179169356276,49.08697380401238,0.6666666666666666,0.27692896380255405,14.202836628746581,16.819322591777564,2.616485963030982,76.24870888023146,78.53587402738206,2.2871651471505983,0.33333333333333337,0.6666666666666666,50.9726,2.0,7,7,7,7,7,1.1,0,0,0,0,0,,0,0,0
B_monitor_takeout+gps_spoofing_r4_1785439470,mt_pass1,B,monitor_takeout+gps_spoofing,uav_0,1785439470,True,157.6863431930542,False,True,,True,2.801363945007324,True,4.9591064453125e-05,50.88045525550842,True,,49.91351384810047,49.225426619327145,0.6666666666666666,0.2816866867600608,15.503745403036504,18.995695340786256,3.4919499377497516,74.54032154106844,76.6919944488868,2.1516729078183596,0.33333333333333337,0.6666666666666666,50.8987,2.0,7,7,7,7,7,0.802,0,0,0,0,0,,0,0,0
B_monitor_takeout+gps_spoofing_r5_1785439692,mt_pass1,B,monitor_takeout+gps_spoofing,uav_0,1785439692,True,156.20881271362305,False,True,,True,2.8300416469573975,True,4.38690185546875e-05,51.40636396408081,True,,49.92647936959688,49.14743324941824,0.6666666666666666,0.27882385283168937,14.009279679761107,16.517535018736908,2.5082553389758004,76.51094471804387,77.9741010725692,1.4631563545253305,0.33333333333333337,0.6666666666666666,50.661,2.0,7,7,7,7,7,0.839,0,0,0,0,0,,0,0,0
C_monitor_takeout+gps_spoofing_r1_1785439913,mt_pass1,C,monitor_takeout+gps_spoofing,uav_0,1785439913,True,156.2211356163025,False,True,,True,2.975796699523926,True,4.3392181396484375e-05,16.53976559638977,True,7.35248064994812,19.806017562270792,19.681279726068265,0.6666666666666666,0.2551795691831238,120.11158538790704,121.89662664933917,1.7850412614321272,54.172298781836844,56.00535161053634,1.8330528286994936,0.33333333333333337,0.6666666666666666,50.0505,2.0,7,7,7,7,7,1.008,414,110398,828,0,0,,0,0,0
C_monitor_takeout+gps_spoofing_r2_1785440135,mt_pass1,C,monitor_takeout+gps_spoofing,uav_0,1785440135,True,157.72006058692932,False,True,,True,2.8152756690979004,True,4.482269287109375e-05,16.45334506034851,True,7.427353143692017,19.60729418225716,19.56399794904094,0.6666666666666666,0.28861510709538907,149.1562569221828,151.8913192613702,2.735062339187408,53.17705121734461,55.08874254527709,1.9116913279324796,0.33333333333333337,0.6666666666666666,50.0499,2.0,7,7,7,7,7,0.808,417,111184,834,0,0,,0,0,0
C_monitor_takeout+gps_spoofing_r3_1785440358,mt_pass1,C,monitor_takeout+gps_spoofing,uav_0,1785440358,True,157.22499251365662,False,True,,True,2.9112679958343506,True,4.4345855712890625e-05,16.109285831451416,True,7.449830532073975,19.97314545466569,19.91004197662177,0.6666666666666666,0.18034164000539693,134.9421404812485,146.4477499188676,11.505609437619114,39.26849269314859,46.192166601652595,6.923673908504007,0.33333333333333337,0.6666666666666666,50.0857,2.0,7,7,7,7,7,0.948,417,111168,834,0,0,,0,0,0
C_monitor_takeout+gps_spoofing_r4_1785440581,mt_pass1,C,monitor_takeout+gps_spoofing,uav_0,1785440581,True,157.20889115333557,False,True,,True,2.9412147998809814,True,4.649162292480469e-05,16.207172632217407,True,7.427100658416748,19.63330749284577,19.573175997124373,0.6666666666666666,0.3111154083158243,116.142503790121,132.783810310648,16.641306520526996,47.542993042977756,52.87672577139614,5.333732728418386,0.33333333333333337,0.6666666666666666,50.0989,2.0,7,7,7,7,7,0.984,417,111178,834,0,0,,0,0,0
C_monitor_takeout+gps_spoofing_r5_1785440804,mt_pass1,C,monitor_takeout+gps_spoofing,uav_0,1785440804,True,156.23052191734314,False,True,,True,2.9704525470733643,True,4.839897155761719e-05,16.23216414451599,True,7.471535682678223,19.81946185169163,19.760606982260654,0.6666666666666666,0.3243135963755511,144.50890651555517,147.85863304381922,3.349726528264057,53.28431024697847,55.24584933901849,1.9615390920400202,0.33333333333333337,0.6666666666666666,50.0131,2.0,7,7,7,7,7,0.962,414,110356,828,0,0,,0,0,0
A_monitor_takeout+gps_spoofing_r1_1785441328,mt_pass2,A,monitor_takeout+gps_spoofing,uav_0,1785441328,True,156.70563960075378,False,True,,False,,True,,53.33029627799988,True,,49.697235223681275,49.101833717049985,0.6666666666666666,0.27299534591353947,0.4875344019727379,27.143218414727528,26.65568401275479,73.67197108432677,76.97220845839598,3.3002373740692086,0.33333333333333337,0.6666666666666666,1.0534,0.0274,0,0,0,0,0,,0,0,0,0,0,,0,0,0
A_monitor_takeout+gps_spoofing_r2_1785441549,mt_pass2,A,monitor_takeout+gps_spoofing,uav_0,1785441549,True,156.73925232887268,False,True,,False,,True,,53.81709694862366,True,,49.82877081723044,49.07569099079391,0.6666666666666666,0.30582556619757667,1.4604673385200329,23.412615840301726,21.952148501781693,74.11760809342168,77.93878356467512,3.8211754712534436,0.33333333333333337,0.6666666666666666,0.9557,0.0334,0,0,0,0,0,,0,0,0,0,0,,0,0,0
A_monitor_takeout+gps_spoofing_r3_1785441770,mt_pass2,A,monitor_takeout+gps_spoofing,uav_0,1785441770,True,157.2136309146881,False,True,,False,,True,,54.318015336990356,True,,49.955900704590384,49.265504783220244,0.6666666666666666,0.2821917877944333,11.682070916227417,16.01088108247575,4.328810166248331,74.23009368768719,76.64158053771851,2.411486850031323,0.33333333333333337,0.6666666666666666,0.884,0.0228,0,0,0,0,0,,0,0,0,0,0,,0,0,0
A_monitor_takeout+gps_spoofing_r4_1785441991,mt_pass2,A,monitor_takeout+gps_spoofing,uav_0,1785441991,True,157.2105429172516,False,True,,False,,True,,53.43144941329956,True,,49.918293060056804,49.192150320734655,0.6666666666666666,0.26716354580286605,15.939926704265417,19.538442351127685,3.5985156468622677,74.65611704232415,76.80479656380554,2.1486795214813905,0.33333333333333337,0.6666666666666666,0.9741,0.0392,0,0,0,0,0,,0,0,0,0,0,,0,0,0
A_monitor_takeout+gps_spoofing_r5_1785442213,mt_pass2,A,monitor_takeout+gps_spoofing,uav_0,1785442213,True,156.18911004066467,False,True,,False,,True,,54.30171513557434,True,,49.94514515863298,49.17917655568627,0.6666666666666666,0.29496280540717024,13.80250469789587,16.788601553755484,2.986096855859614,75.46309469264969,77.35005199821384,1.8869573055641529,0.33333333333333337,0.6666666666666666,0.9589,0.0263,0,0,0,0,0,,0,0,0,0,0,,0,0,0
B_monitor_takeout+gps_spoofing_r1_1785442434,mt_pass2,B,monitor_takeout+gps_spoofing,uav_0,1785442434,True,156.19144344329834,False,True,,True,2.8328053951263428,True,4.482269287109375e-05,51.65209150314331,True,,49.964298545231216,49.095879960263034,0.6666666666666666,0.28125696710141135,12.40312875104081,16.304442575800124,3.9013138247593133,74.81114806796022,76.84922011253775,2.038072044577535,0.33333333333333337,0.6666666666666666,50.6333,2.0,7,7,7,7,7,0.838,0,0,0,0,0,,0,0,0
B_monitor_takeout+gps_spoofing_r2_1785442654,mt_pass2,B,monitor_takeout+gps_spoofing,uav_0,1785442654,True,156.69816040992737,False,True,,True,2.89876651763916,True,4.649162292480469e-05,51.38256597518921,True,,49.65712740452557,49.13454059381267,0.6666666666666666,0.29989951723732844,13.33375161484895,15.953001662837778,2.619250047988828,76.66382858486811,78.68597075503216,2.022142170164045,0.33333333333333337,0.6666666666666666,50.8503,2.0,6,6,6,6,6,0.889,0,0,0,0,0,,0,0,0
B_monitor_takeout+gps_spoofing_r3_1785442875,mt_pass2,B,monitor_takeout+gps_spoofing,uav_0,1785442875,True,156.70156073570251,False,True,,True,2.7343080043792725,True,4.601478576660156e-05,51.704055070877075,True,,49.87244445445907,49.16641851869376,0.6666666666666666,0.29962823687643514,12.082386351569852,15.763374570105782,3.68098821853593,74.40255457909767,77.14028865904037,2.7377340799426926,0.33333333333333337,0.6666666666666666,50.7353,2.0,7,7,7,7,7,0.774,0,0,0,0,0,,0,0,0
B_monitor_takeout+gps_spoofing_r4_1785443097,mt_pass2,B,monitor_takeout+gps_spoofing,uav_0,1785443097,True,157.21000862121582,False,True,,True,2.9959890842437744,False,4.506111145019531e-05,70.19688272476196,True,,49.997027190658464,49.15491117500872,0.6666666666666666,0.2847450386008177,38.1915504314436,213.00997453143805,174.81842409999444,14.024040015873624,128.02526504268795,114.00122502681432,0.6666666666666667,0.6666666666666666,51.0226,2.0,7,7,7,7,7,1.007,0,0,0,0,1,gps,1,0,0
B_monitor_takeout+gps_spoofing_r5_1785443318,mt_pass2,B,monitor_takeout+gps_spoofing,uav_0,1785443318,True,157.21629881858826,False,True,,True,2.7259361743927,True,4.792213439941406e-05,51.35319542884827,True,,49.8849118603441,49.222652550516244,0.6666666666666666,0.31559671904469333,0.38232341999645314,20.555113902008088,20.172790482011635,72.94671293246661,77.65608757118675,4.709374638720131,0.33333333333333337,0.6666666666666666,50.7244,2.0,7,7,7,7,7,0.73,0,0,0,0,0,,0,0,0
C_monitor_takeout+gps_spoofing_r1_1785443540,mt_pass2,C,monitor_takeout+gps_spoofing,uav_0,1785443540,True,156.68404078483582,False,True,,True,2.912304162979126,True,4.4345855712890625e-05,16.140341997146606,True,7.495333909988403,19.63787564225444,19.59131864559631,0.6666666666666666,0.3098657484690627,146.85443749169818,149.00988430251226,2.155446810814084,54.261732197054855,55.5931374264744,1.3314052294195449,0.33333333333333337,0.6666666666666666,50.0418,2.0,7,7,7,7,7,0.904,414,110363,828,0,0,,0,0,0
C_monitor_takeout+gps_spoofing_r2_1785443762,mt_pass2,C,monitor_takeout+gps_spoofing,uav_0,1785443762,True,156.2082908153534,False,True,,True,2.5504374504089355,True,5.030632019042969e-05,16.909496068954468,True,7.461360692977905,19.9063301356491,19.858957717021017,0.6666666666666666,0.2098807070238897,111.12664447635984,123.70321005796376,12.576565581603916,38.61051753015941,46.36269334848105,7.752175818321641,0.33333333333333337,0.6666666666666666,50.0994,2.0,7,7,7,7,7,0.574,414,110364,828,0,0,,0,0,0
C_monitor_takeout+gps_spoofing_r3_1785443984,mt_pass2,C,monitor_takeout+gps_spoofing,uav_0,1785443984,True,156.70111060142517,False,True,,True,3.1218080520629883,True,5.14984130859375e-05,16.133774518966675,True,7.403473615646362,19.67009954598285,19.63073513114442,0.6666666666666666,0.28280259338183295,144.01161927320484,147.24077359192665,3.229154318721811,52.69537187877784,54.93328274295949,2.2379108641816527,0.33333333333333337,0.6666666666666666,50.0056,2.0,7,7,7,7,7,1.129,414,110391,828,0,0,,0,0,0
C_monitor_takeout+gps_spoofing_r4_1785444207,mt_pass2,C,monitor_takeout+gps_spoofing,uav_0,1785444207,True,156.19193243980408,False,True,,True,2.9950804710388184,True,6.413459777832031e-05,17.22433304786682,True,7.4939703941345215,19.696176778647853,19.59359668023027,0.6666666666666666,0.3058452185129923,128.38976877770168,130.929638860274,2.539870082572321,53.34319798457571,55.07912768720559,1.7359297026298783,0.33333333333333337,0.6666666666666666,50.0446,2.0,7,7,7,7,7,0.975,414,110377,828,0,0,,0,0,0
C_monitor_takeout+gps_spoofing_r5_1785444428,mt_pass2,C,monitor_takeout+gps_spoofing,uav_0,1785444428,True,156.7130343914032,False,True,,True,2.902797222137451,True,4.4345855712890625e-05,16.145743131637573,True,7.359304189682007,19.88207591396989,19.817840517384898,0.6666666666666666,0.2746108171673711,145.5462883610731,148.97084384806868,3.4245554869955868,52.99963983370645,55.15832321193693,2.1586833782304806,0.33333333333333337,0.6666666666666666,50.1248,2.0,7,7,7,7,7,0.898,414,110374,828,0,0,,0,0,0
A_monitor_takeout+gps_spoofing_r1_1785444952,mt_pass3,A,monitor_takeout+gps_spoofing,uav_0,1785444952,True,156.7048864364624,False,True,,False,,False,,54.16270685195923,True,,49.97492277632472,49.164969746490684,0.6666666666666666,0.24833547212854512,149.3728453791257,292.3082566170318,142.93541123790612,35.77329864738011,57.45733041128503,21.68403176390492,0.6666666666666667,0.6666666666666666,0.913,0.0221,0,0,0,0,1,,0,0,0,0,0,,0,0,0
A_monitor_takeout+gps_spoofing_r2_1785445174,mt_pass3,A,monitor_takeout+gps_spoofing,uav_0,1785445174,True,156.68852949142456,False,True,,False,,True,,54.50082063674927,True,,49.685123866525956,49.14217160944803,0.6666666666666666,0.27442489988539975,12.605268458392516,16.002224069478928,3.396955611086412,73.90637799405394,76.44590233281474,2.539524338760793,0.33333333333333337,0.6666666666666666,0.9597,0.0239,0,0,0,0,0,,0,0,0,0,0,,0,0,0
A_monitor_takeout+gps_spoofing_r3_1785445395,mt_pass3,A,monitor_takeout+gps_spoofing,uav_0,1785445395,True,157.21442031860352,False,True,,False,,False,4.649162292480469e-05,102.31907415390015,True,,49.94247990131324,49.22727966975336,0.3333333333333333,0.29909487717625866,0.0,142.5536919302977,220.9000393149298,34.93781572274014,62.28667193835048,27.34885621561034,0.6666666666666667,0.3333333333333333,0.9498,0.03,0,0,0,0,6,,0,0,0,0,1,gps,1,0,0
A_monitor_takeout+gps_spoofing_r4_1785445616,mt_pass3,A,monitor_takeout+gps_spoofing,uav_0,1785445616,True,157.235347032547,False,True,,False,,True,,53.64792799949646,True,,49.88195801471534,49.11790857051364,0.6666666666666666,0.29637203199091766,15.908830484588663,19.1069350355005,3.198104550911836,74.50793637833044,76.64629367053672,2.13835729220628,0.33333333333333337,0.6666666666666666,1.0466,0.0406,0,0,0,0,0,,0,0,0,0,0,,0,0,0
A_monitor_takeout+gps_spoofing_r5_1785445838,mt_pass3,A,monitor_takeout+gps_spoofing,uav_0,1785445838,True,157.19679164886475,False,True,,False,,True,,53.375611305236816,True,,49.87647956153391,49.12934615779103,0.6666666666666666,0.28442434449214815,15.915080919691206,19.334409671339245,3.419328751648038,74.80977602352029,77.00919199237269,2.199415968852405,0.33333333333333337,0.6666666666666666,0.9388,0.0292,0,0,0,0,0,,0,0,0,0,0,,0,0,0
B_monitor_takeout+gps_spoofing_r1_1785446060,mt_pass3,B,monitor_takeout+gps_spoofing,uav_0,1785446060,True,156.75495505332947,False,True,,True,2.9036591053009033,True,4.315376281738281e-05,50.90726709365845,True,,49.87607572353483,49.25527966238406,0.6666666666666666,0.282081137838766,16.438650307096736,19.35055284237734,2.9119025352806034,76.07469744040782,77.63572791761504,1.5610304772072192,0.33333333333333337,0.6666666666666666,50.7617,2.0,7,7,7,7,7,0.933,0,0,0,0,0,,0,0,0
B_monitor_takeout+gps_spoofing_r2_1785446281,mt_pass3,B,monitor_takeout+gps_spoofing,uav_0,1785446281,True,157.707665681839,False,True,,True,2.671287775039673,True,4.267692565917969e-05,50.96668243408203,True,,49.76301652815772,49.155584554309506,0.6666666666666666,0.29807337539624085,1.9102942953433342,20.885142303909504,18.97484800856617,67.36274264002142,74.69936500683656,7.336622366815134,0.33333333333333337,0.6666666666666666,50.5782,2.0,5,5,5,5,5,0.682,0,0,0,0,0,,0,0,0
B_monitor_takeout+gps_spoofing_r3_1785446504,mt_pass3,B,monitor_takeout+gps_spoofing,uav_0,1785446504,True,157.19466638565063,False,True,,True,3.084974527359009,True,4.57763671875e-05,50.83719038963318,True,,49.91963041212141,49.09706729604596,0.6666666666666666,0.2906008672506667,15.489097657338675,19.084114265631968,3.5950166082932924,75.04047839795957,76.86899636718269,1.8285179692231117,0.33333333333333337,0.6666666666666666,50.8161,2.0,7,7,7,7,7,1.083,0,0,0,0,0,,0,0,0
B_monitor_takeout+gps_spoofing_r4_1785446725,mt_pass3,B,monitor_takeout+gps_spoofing,uav_0,1785446725,True,156.1832001209259,False,True,,True,2.782150983810425,True,6.628036499023438e-05,51.771198749542236,True,,49.50988081706306,49.02042829187321,0.6666666666666666,0.355513520662005,12.891525430138643,16.746502447882108,3.8549770177434652,74.48484732540432,76.4256525207182,1.9408051953138878,0.33333333333333337,0.6666666666666666,50.624,2.0,6,6,6,6,6,0.817,0,0,0,0,0,,0,0,0
B_monitor_takeout+gps_spoofing_r5_1785446946,mt_pass3,B,monitor_takeout+gps_spoofing,uav_0,1785446946,True,157.18761920928955,False,True,,True,2.814776659011841,True,4.649162292480469e-05,50.75967311859131,True,,49.98418844214895,49.19213998481878,0.6666666666666666,0.28238319899010517,15.85793439480642,19.348303997603693,3.490369602797273,74.72573149557415,77.09560028880396,2.3698687932298146,0.33333333333333337,0.6666666666666666,50.8824,2.0,7,7,7,7,7,0.84,0,0,0,0,0,,0,0,0
C_monitor_takeout+gps_spoofing_r1_1785447168,mt_pass3,C,monitor_takeout+gps_spoofing,uav_0,1785447168,True,157.1987590789795,False,True,,True,2.9133505821228027,True,4.3392181396484375e-05,16.14692211151123,True,7.510077714920044,19.646017097536728,19.59383730947787,0.6666666666666666,0.2775962416720841,144.8794771449312,148.16260439462354,3.283127249692342,51.64800240144712,54.180791364971384,2.5327889635242586,0.33333333333333337,0.6666666666666666,50.1001,2.0,7,7,7,7,7,0.92,417,111184,834,0,0,,0,0,0
C_monitor_takeout+gps_spoofing_r2_1785447390,mt_pass3,C,monitor_takeout+gps_spoofing,uav_0,1785447390,True,157.69149589538574,False,True,,True,2.7516918182373047,True,5.030632019042969e-05,16.657172203063965,True,7.618728876113892,19.73380373423407,19.640474817192516,0.6666666666666666,0.27713680863224255,148.73140747431592,152.65007056734896,3.9186630930330466,52.08207646511697,54.36291954407944,2.2808430789624685,0.33333333333333337,0.6666666666666666,50.0594,2.0,7,7,7,7,7,0.734,417,111182,834,0,0,,0,0,0
C_monitor_takeout+gps_spoofing_r3_1785447614,mt_pass3,C,monitor_takeout+gps_spoofing,uav_0,1785447614,True,156.7047152519226,False,True,,True,2.8140199184417725,True,4.935264587402344e-05,16.370601415634155,True,8.327903032302856,19.695679573591413,19.637873630329466,0.6666666666666666,0.2595593189529115,144.3572551068848,148.0776525747957,3.7203974679109137,51.61914678289894,54.189786080903986,2.5706392980050445,0.33333333333333337,0.6666666666666666,49.978,2.0,7,7,7,7,7,0.78,414,110376,828,0,0,,0,0,0
C_monitor_takeout+gps_spoofing_r4_1785447836,mt_pass3,C,monitor_takeout+gps_spoofing,uav_0,1785447836,True,156.19975543022156,False,True,,True,2.915111541748047,True,4.4345855712890625e-05,16.45408844947815,True,7.490593910217285,19.634878050426348,19.55922077977828,0.6666666666666666,0.2941031881424008,144.96791380232202,148.00111669010874,3.0332028877867288,53.97205027496318,55.48795604203549,1.515905767072312,0.33333333333333337,0.6666666666666666,50.061,2.0,7,7,7,7,7,0.927,414,110367,828,0,0,,0,0,0
C_monitor_takeout+gps_spoofing_r5_1785448058,mt_pass3,C,monitor_takeout+gps_spoofing,uav_0,1785448058,True,156.21952724456787,False,True,,True,2.705798625946045,True,4.38690185546875e-05,16.539727210998535,True,8.267038106918335,20.044864613334703,19.978418851043077,0.6666666666666666,0.18648266082530185,136.47448512436614,154.10402918965906,17.62954406529292,31.613707613330302,38.47065098954676,6.856943376216459,0.33333333333333337,0.6666666666666666,50.0526,2.0,7,7,7,7,7,0.707,414,110370,828,0,0,,0,0,0
A_monitor_takeout+gps_spoofing_r1_1785448582,mt_pass4,A,monitor_takeout+gps_spoofing,uav_0,1785448582,True,104.11319589614868,True,False,errored,,,,,,,,,,,,,,,,,,,,0.9302,0.026,0,0,0,0,0,,0,0,0,0,3,heartbeat,0,3,0
A_monitor_takeout+gps_spoofing_r2_1785448745,mt_pass4,A,monitor_takeout+gps_spoofing,uav_0,1785448745,True,157.6918067932129,False,True,,False,,True,,53.95598244667053,True,,49.913944452698274,49.20647750225673,0.6666666666666666,0.29721752888833564,16.691696194638922,18.930989267161692,2.23929307252277,75.71723309190747,77.6529458751805,1.9357127832730394,0.33333333333333337,0.6666666666666666,1.0342,0.03,0,0,0,0,0,,0,0,0,0,0,,0,0,0
A_monitor_takeout+gps_spoofing_r3_1785448967,mt_pass4,A,monitor_takeout+gps_spoofing,uav_0,1785448967,True,157.69212698936462,False,True,,False,,True,,53.707499742507935,True,,49.7746149948855,49.18175746308815,0.6666666666666666,0.3337445188149175,13.468567253099138,28.978548417927925,15.509981164828787,51.51461994017242,58.86648890374306,7.3518689635706345,0.33333333333333337,0.6666666666666666,0.9106,0.0319,0,0,0,0,0,,0,0,0,0,0,,0,0,0
A_monitor_takeout+gps_spoofing_r4_1785449190,mt_pass4,A,monitor_takeout+gps_spoofing,uav_0,1785449190,True,156.68342661857605,False,True,,False,,True,,57.96592879295349,True,,49.84699308592817,49.016629353116365,0.6666666666666666,0.34680723425671295,0.4502943127729395,12.49549510347913,12.04520079070619,63.894377911336285,75.56135840415165,11.666980492815364,0.33333333333333337,0.6666666666666666,0.9323,0.0363,0,0,0,0,0,,0,0,0,0,0,,0,0,0
A_monitor_takeout+gps_spoofing_r5_1785449411,mt_pass4,A,monitor_takeout+gps_spoofing,uav_0,1785449411,True,157.19932317733765,False,True,,False,,True,,53.12101149559021,True,,49.852198434215794,49.19675805102369,0.6666666666666666,0.28047151956130634,15.029150550542909,19.432672075421635,4.403521524878727,72.78542403233291,75.38977402226995,2.60434998993703,0.33333333333333337,0.6666666666666666,0.9359,0.0371,0,0,0,0,0,,0,0,0,0,0,,0,0,0
B_monitor_takeout+gps_spoofing_r1_1785449632,mt_pass4,B,monitor_takeout+gps_spoofing,uav_0,1785449632,True,156.2109146118164,False,True,,True,2.887251853942871,True,4.9114227294921875e-05,51.700913190841675,True,,50.06664393622141,49.1313992518895,0.6666666666666666,0.26625173632657717,14.909893266899388,17.059777713481196,2.149884446581808,76.44139596273364,78.54963167462813,2.1082357118944945,0.33333333333333337,0.6666666666666666,50.5925,2.0,7,7,7,7,7,0.908,0,0,0,0,0,,0,0,0
B_monitor_takeout+gps_spoofing_r2_1785449853,mt_pass4,B,monitor_takeout+gps_spoofing,uav_0,1785449853,True,157.19587922096252,False,True,,True,2.861208915710449,True,4.291534423828125e-05,50.65048408508301,True,,49.880392731824884,49.18952589950344,0.6666666666666666,0.2785091159992028,13.545484703729926,31.301483782485036,17.75599907875511,42.8868432889865,57.72854349440561,14.841700205419112,0.33333333333333337,0.6666666666666666,50.6805,2.0,7,7,7,7,7,0.895,0,0,0,0,0,,0,0,0
B_monitor_takeout+gps_spoofing_r3_1785450075,mt_pass4,B,monitor_takeout+gps_spoofing,uav_0,1785450075,True,157.71653199195862,False,True,,True,2.864596128463745,True,6.461143493652344e-05,50.96041679382324,True,,49.87454449028915,49.22196246886848,0.6666666666666666,0.28072877810310004,15.95372125231475,19.53594067686072,3.5822194245459684,74.7317121498078,76.83002315699416,2.0983110071863464,0.33333333333333337,0.6666666666666666,50.7776,2.0,7,7,7,7,7,0.875,0,0,0,0,0,,0,0,0
B_monitor_takeout+gps_spoofing_r4_1785450297,mt_pass4,B,monitor_takeout+gps_spoofing,uav_0,1785450297,True,156.19477534294128,False,True,,True,2.7730512619018555,True,0.0001277923583984375,51.60814833641052,True,,49.95599293546031,49.19794928429389,0.6666666666666666,0.26408136432286966,12.72275804274335,16.493767568064357,3.7710095253210056,74.50947490155943,76.84491604720132,2.3354411456418998,0.33333333333333337,0.6666666666666666,50.6434,2.0,7,7,7,7,7,0.783,0,0,0,0,0,,0,0,0
B_monitor_takeout+gps_spoofing_r5_1785450518,mt_pass4,B,monitor_takeout+gps_spoofing,uav_0,1785450518,True,156.7168436050415,False,True,,False,,True,,6.186435222625732,True,,19.229793107147295,14.488562235925466,1.0,0.3759759437718858,105.20776093593815,118.8060535824415,13.598292646503353,3.7150377719659744,37.912833837360594,34.19779606539462,0.33333333333333337,1.0,50.2042,2.0,2,1,1,1,1,0.799,0,0,0,0,0,,0,0,0
C_monitor_takeout+gps_spoofing_r1_1785450739,mt_pass4,C,monitor_takeout+gps_spoofing,uav_0,1785450739,True,156.6806309223175,False,True,,True,2.875779628753662,True,4.38690185546875e-05,16.494385957717896,True,7.398679256439209,19.76294834853959,19.71307563753972,0.6666666666666666,0.2717917763329337,143.07635516193463,147.02844633571885,3.9520911737842255,52.101081778198065,54.826444623903704,2.7253628457056394,0.33333333333333337,0.6666666666666666,50.1069,2.0,7,7,7,7,7,0.887,414,110385,828,0,0,,0,0,0
C_monitor_takeout+gps_spoofing_r2_1785450961,mt_pass4,C,monitor_takeout+gps_spoofing,uav_0,1785450961,True,156.69566702842712,False,True,,True,2.7781448364257812,True,4.363059997558594e-05,16.382770776748657,True,7.403274774551392,19.918846627459377,19.877175452177518,0.6666666666666666,0.3030837158010241,143.5326378772192,147.97871893516918,4.446081057949982,51.595821670813585,54.33118165750633,2.735359986692745,0.33333333333333337,0.6666666666666666,50.0574,2.0,7,7,7,7,7,0.8,414,110371,828,0,0,,0,0,0
C_monitor_takeout+gps_spoofing_r3_1785451183,mt_pass4,C,monitor_takeout+gps_spoofing,uav_0,1785451183,True,157.18375658988953,False,True,,True,2.8028085231781006,True,5.316734313964844e-05,16.359947443008423,True,8.145245790481567,19.661831598025376,19.616359221522902,0.6666666666666666,0.28263710134250175,146.5270381532635,149.8863163925667,3.359278239303194,53.535638192882644,55.292249261418135,1.7566110685354914,0.33333333333333337,0.6666666666666666,50.1509,2.0,7,7,7,7,7,0.836,414,110397,828,0,0,,0,0,0
C_monitor_takeout+gps_spoofing_r4_1785451406,mt_pass4,C,monitor_takeout+gps_spoofing,uav_0,1785451406,True,156.71699285507202,False,True,,True,2.7331454753875732,True,4.172325134277344e-05,16.394335508346558,True,7.448045969009399,19.78484501009356,19.722258422898186,0.6666666666666666,0.2623603691277926,144.07529075844639,147.65490135610435,3.579610597657961,52.70752758172007,54.76698287583626,2.0594552941161925,0.33333333333333337,0.6666666666666666,50.0538,2.0,7,7,7,7,7,0.747,414,110372,828,0,0,,0,0,0
C_monitor_takeout+gps_spoofing_r5_1785451628,mt_pass4,C,monitor_takeout+gps_spoofing,uav_0,1785451628,True,156.70112323760986,False,True,,True,2.9883782863616943,True,4.482269287109375e-05,16.107608556747437,True,8.354447364807129,19.811439338077392,19.759287097929796,0.6666666666666666,0.2891117041917026,143.29512056716663,147.33354662009845,4.038426052931811,51.95910066828149,54.422963981861436,2.463863313579939,0.33333333333333337,0.6666666666666666,50.1004,2.0,7,7,7,7,7,1.019,414,110387,828,0,0,,0,0,0
A_monitor_takeout+gps_spoofing_r1_1785452152,mt_pass5,A,monitor_takeout+gps_spoofing,uav_0,1785452152,True,157.17463278770447,False,True,,False,,False,4.553794860839844e-05,86.30676865577698,True,,49.92667016638819,49.1776353660603,0.3333333333333333,0.27835003231443267,102.43469357645054,151.8888075146719,49.454113938221354,6.412857191981033,35.14222028395125,28.729363091970214,0.6666666666666667,0.3333333333333333,0.9946,0.0344,0,0,0,0,7,,0,0,0,0,1,gps,1,0,0
A_monitor_takeout+gps_spoofing_r2_1785452373,mt_pass5,A,monitor_takeout+gps_spoofing,uav_0,1785452373,True,157.72180247306824,False,True,,False,,True,,53.41477084159851,True,,49.86181403141075,49.108130679187134,0.6666666666666666,0.295254196281797,15.874730945612129,18.759288421194185,2.8845574755820564,74.00283769456047,76.82286203937424,2.8200243448137696,0.33333333333333337,0.6666666666666666,1.0027,0.0281,0,0,0,0,0,,0,0,0,0,0,,0,0,0
A_monitor_takeout+gps_spoofing_r3_1785452596,mt_pass5,A,monitor_takeout+gps_spoofing,uav_0,1785452596,True,155.71385025978088,False,True,,False,,True,,,False,,49.972034476245,,0.6666666666666666,0.2559606368542937,0.23344787221125785,12.811126436437235,12.577678564225977,57.60699042730742,74.88158182683257,17.274591399525153,0.33333333333333337,0.6666666666666666,0.9874,0.0416,0,0,0,0,0,,0,0,0,0,0,,0,0,0
A_monitor_takeout+gps_spoofing_r4_1785452816,mt_pass5,A,monitor_takeout+gps_spoofing,uav_0,1785452816,True,156.21718525886536,False,True,,False,,True,,55.13559603691101,True,,49.86902403946519,49.060166250023144,0.6666666666666666,0.2923122364375317,220.7022009802642,495.34445315632763,274.64225217606344,49.29799471496827,76.89744196840215,27.599447253433883,0.33333333333333337,0.6666666666666666,0.978,0.0309,0,0,0,0,0,,0,0,0,0,0,,0,0,0
A_monitor_takeout+gps_spoofing_r5_1785453036,mt_pass5,A,monitor_takeout+gps_spoofing,uav_0,1785453036,True,157.18715858459473,False,False,attack_did_not_land,False,,True,,49.971033811569214,True,,6.323276749090841,4.009833600176293,1.0,3.641172245217515,138.84085533262055,189.52561275025863,50.68475741763808,1.8262761424962903,31.03811831881092,29.21184217631463,0.0,1.0,4.6761,0.2253,0,0,0,0,1,,0,0,0,0,0,,0,0,0
B_monitor_takeout+gps_spoofing_r1_1785453258,mt_pass5,B,monitor_takeout+gps_spoofing,uav_0,1785453258,True,155.70640397071838,False,True,,True,2.9583499431610107,True,4.553794860839844e-05,51.64144968986511,True,,49.70183794552989,49.155459843555676,0.6666666666666666,0.26786553420666753,12.258147296363802,15.687524661271596,3.4293773649077934,74.87793112993556,77.37860070289054,2.500669572954978,0.33333333333333337,0.6666666666666666,50.7978,2.0,6,6,6,6,6,0.975,0,0,0,0,0,,0,0,0
B_monitor_takeout+gps_spoofing_r2_1785453478,mt_pass5,B,monitor_takeout+gps_spoofing,uav_0,1785453478,True,157.21452450752258,False,True,,True,3.1305136680603027,True,4.363059997558594e-05,50.868507385253906,True,,49.724197176809994,49.101319293277385,0.6666666666666666,0.2695005120632388,15.80608884023107,18.874853521798514,3.068764681567444,73.85054354168932,76.28787573376768,2.43733219207836,0.33333333333333337,0.6666666666666666,51.0329,2.0,5,5,5,5,5,1.131,0,0,0,0,0,,0,0,0
B_monitor_takeout+gps_spoofing_r3_1785453700,mt_pass5,B,monitor_takeout+gps_spoofing,uav_0,1785453700,True,156.679869890213,False,True,,True,2.826429605484009,True,4.8160552978515625e-05,50.925049781799316,True,,49.8648535096764,49.12937946172223,0.6666666666666666,0.3515214518632295,16.78076509593265,18.88876607049542,2.1080009745627706,76.37734836453848,78.36500947495408,1.9876611104156083,0.33333333333333337,0.6666666666666666,50.7248,2.0,7,7,7,7,7,0.869,0,0,0,0,0,,0,0,0
B_monitor_takeout+gps_spoofing_r4_1785453921,mt_pass5,B,monitor_takeout+gps_spoofing,uav_0,1785453921,True,157.21947026252747,False,True,,True,2.8653805255889893,True,7.295608520507812e-05,50.637197971343994,True,,49.71268087047973,49.22797135777565,0.6666666666666666,0.29553636466280864,23.89568824419743,30.387922548535187,6.492234304337757,69.48928192456168,72.78225634491203,3.2929744203503426,0.33333333333333337,0.6666666666666666,50.8695,2.0,5,5,5,5,5,0.877,0,0,0,0,0,,0,0,0
B_monitor_takeout+gps_spoofing_r5_1785454143,mt_pass5,B,monitor_takeout+gps_spoofing,uav_0,1785454143,True,157.70545625686646,False,True,,True,2.977449417114258,True,4.458427429199219e-05,50.77262473106384,True,,49.89703511935798,49.161126598983564,0.6666666666666666,0.2977715987087955,16.140455634899496,18.888396053444637,2.7479404185451415,76.14123263513898,77.77758622436214,1.6363535892231673,0.33333333333333337,0.6666666666666666,50.7094,2.0,7,7,7,7,7,0.953,0,0,0,0,0,,0,0,0
C_monitor_takeout+gps_spoofing_r1_1785454365,mt_pass5,C,monitor_takeout+gps_spoofing,uav_0,1785454365,True,157.69030809402466,False,True,,True,2.7647199630737305,True,4.792213439941406e-05,17.172114849090576,True,7.393415927886963,19.759892564728943,19.566630719545103,0.6666666666666666,0.2769947208648893,136.5517223075422,140.90040924540023,4.3486869378580195,51.28321465515848,53.560992060623725,2.277777405465245,0.33333333333333337,0.6666666666666666,50.0531,2.0,7,7,7,7,7,0.772,417,111164,834,0,0,,0,0,0
C_monitor_takeout+gps_spoofing_r2_1785454588,mt_pass5,C,monitor_takeout+gps_spoofing,uav_0,1785454588,True,156.70581221580505,False,True,,True,2.894139289855957,True,4.6253204345703125e-05,16.19903588294983,True,8.217246294021606,19.723443334319462,19.694005043535867,0.6666666666666666,0.2911091234781509,145.34756478002336,148.66653989769753,3.318975117674171,53.03762850824674,55.084476618590415,2.0468481103436753,0.33333333333333337,0.6666666666666666,50.1383,2.0,7,7,7,7,7,0.905,414,110366,828,0,0,,0,0,0
C_monitor_takeout+gps_spoofing_r3_1785454810,mt_pass5,C,monitor_takeout+gps_spoofing,uav_0,1785454810,True,157.19523572921753,False,True,,True,2.9080708026885986,True,4.267692565917969e-05,16.283376455307007,True,8.320008993148804,19.845542115906177,19.807214119923056,0.6666666666666666,0.2967754123912893,144.47473613893865,148.09710847229644,3.622372333357788,52.28499452084601,54.60007615181452,2.3150816309685105,0.33333333333333337,0.6666666666666666,50.0469,2.0,7,7,7,7,7,0.94,414,110375,828,0,0,,0,0,0
C_monitor_takeout+gps_spoofing_r4_1785455033,mt_pass5,C,monitor_takeout+gps_spoofing,uav_0,1785455033,True,156.19870901107788,False,True,,True,3.00956392288208,True,4.291534423828125e-05,16.572330951690674,True,7.446528196334839,19.760509288749276,19.592813101209586,0.6666666666666666,0.29378094363782026,143.86196585569908,146.8045901353912,2.942624279692126,54.57248100273821,55.77508905712748,1.2026080543892739,0.33333333333333337,0.6666666666666666,50.0753,2.0,7,7,7,7,7,1.018,414,110360,828,0,0,,0,0,0
C_monitor_takeout+gps_spoofing_r5_1785455255,mt_pass5,C,monitor_takeout+gps_spoofing,uav_0,1785455255,True,156.70499658584595,False,True,,True,2.97538423538208,True,4.5299530029296875e-05,17.00499701499939,True,8.307545185089111,19.727070886263853,19.670315922561343,0.6666666666666666,0.2879623495909893,138.9065562578728,141.3319098292592,2.425353571386381,52.84905223770627,55.12174928112286,2.272697043416592,0.33333333333333337,0.6666666666666666,50.011,2.0,7,7,7,7,7,0.994,414,110349,828,0,0,,0,0,0
A_monitor_takeout+gps_spoofing_r1_1785455779,mt_pass6,A,monitor_takeout+gps_spoofing,uav_0,1785455779,True,157.20588779449463,False,True,,False,,True,,53.596474409103394,True,,49.911401380063154,49.10740008283264,0.6666666666666666,0.3004041734169469,16.025710147704018,19.336246269230116,3.3105361215260984,75.36015781134847,77.28728590460408,1.9271280932556052,0.33333333333333337,0.6666666666666666,0.9693,0.0387,0,0,0,0,0,,0,0,0,0,0,,0,0,0
A_monitor_takeout+gps_spoofing_r2_1785456001,mt_pass6,A,monitor_takeout+gps_spoofing,uav_0,1785456001,True,157.20608568191528,False,True,,False,,True,,53.64899301528931,True,,49.71355437044506,49.24722556450126,0.6666666666666666,0.3026872919509955,16.16909228603899,19.621893522697803,3.4528012366588143,74.31070424491982,76.85130915853222,2.540604913612399,0.33333333333333337,0.6666666666666666,0.8914,0.0463,0,0,0,0,0,,0,0,0,0,0,,0,0,0
A_monitor_takeout+gps_spoofing_r3_1785456222,mt_pass6,A,monitor_takeout+gps_spoofing,uav_0,1785456222,True,156.70734429359436,False,True,,False,,False,,54.65362596511841,True,,49.89460677610556,49.11102252893109,0.3333333333333333,0.31027074930990395,66.98493362809683,72.96398713466613,5.979053506569301,64.77326754251688,70.66059437190839,5.887326829391516,1.0,0.3333333333333333,0.9974,0.0354,0,0,0,0,0,,0,0,0,0,0,,0,0,0
A_monitor_takeout+gps_spoofing_r4_1785456443,mt_pass6,A,monitor_takeout+gps_spoofing,uav_0,1785456443,True,157.20663857460022,False,True,,False,,True,,53.958693981170654,True,,49.9127152525926,49.18076010934332,0.6666666666666666,0.26714045767503614,15.88642204458057,19.19524514740533,3.3088231028247606,75.19636597214338,77.16768714544378,1.971321173300396,0.33333333333333337,0.6666666666666666,1.0165,0.0399,0,0,0,0,0,,0,0,0,0,0,,0,0,0
A_monitor_takeout+gps_spoofing_r5_1785456665,mt_pass6,A,monitor_takeout+gps_spoofing,uav_0,1785456665,True,157.185937166214,False,True,,False,,True,,53.273738622665405,True,,49.847624656515144,49.15250435316786,0.6666666666666666,0.26777308481893103,13.978680262797752,19.053901067773893,5.075220804976141,72.05357508502021,75.02013515572912,2.966560070708903,0.33333333333333337,0.6666666666666666,1.0743,0.063,0,0,0,0,0,,0,0,0,0,0,,0,0,0
B_monitor_takeout+gps_spoofing_r1_1785456887,mt_pass6,B,monitor_takeout+gps_spoofing,uav_0,1785456887,True,156.22473692893982,False,True,,True,2.8542206287384033,True,4.410743713378906e-05,51.660244941711426,True,,49.914756015726795,49.11082464961427,0.6666666666666666,0.276429594439918,14.181986388419574,16.798457297239963,2.6164709088203892,77.37380546026097,79.11180053836628,1.7379950781053126,0.33333333333333337,0.6666666666666666,50.698,2.0,7,7,7,7,7,0.886,0,0,0,0,0,,0,0,0
B_monitor_takeout+gps_spoofing_r2_1785457108,mt_pass6,B,monitor_takeout+gps_spoofing,uav_0,1785457108,True,156.21501111984253,False,True,,True,2.8509671688079834,True,4.887580871582031e-05,51.53777003288269,True,,49.848693058392335,49.15585321178895,0.6666666666666666,0.27987735104785116,12.251024860158452,16.182361257535945,3.9313363973774926,74.55245120044394,76.81420193766724,2.261750737223301,0.33333333333333337,0.6666666666666666,51.0678,2.0,7,7,7,7,7,0.839,0,0,0,0,0,,0,0,0
B_monitor_takeout+gps_spoofing_r3_1785457328,mt_pass6,B,monitor_takeout+gps_spoofing,uav_0,1785457328,True,156.20864176750183,False,True,,True,2.891507387161255,True,4.744529724121094e-05,51.75157451629639,True,,49.97403175727696,49.13565774200345,0.6666666666666666,0.29417965300613025,11.458883278329779,15.536228679129806,4.077345400800027,74.15844038181959,76.6630798745098,2.5046394926902127,0.33333333333333337,0.6666666666666666,50.8679,2.0,7,7,7,7,7,0.898,0,0,0,0,0,,0,0,0
B_monitor_takeout+gps_spoofing_r4_1785457549,mt_pass6,B,monitor_takeout+gps_spoofing,uav_0,1785457549,True,156.70208477973938,False,True,,True,2.9457318782806396,True,5.245208740234375e-05,51.57996845245361,True,,49.54573555903086,49.069264047218354,0.6666666666666666,0.31905887361798,12.949284440171766,16.344218928924647,3.394934488752881,74.06639190119623,76.26888537768767,2.2024934764914352,0.33333333333333337,0.6666666666666666,50.6214,2.0,6,6,6,6,6,0.935,0,0,0,0,0,,0,0,0
B_monitor_takeout+gps_spoofing_r5_1785457770,mt_pass6,B,monitor_takeout+gps_spoofing,uav_0,1785457770,True,156.6882929801941,False,True,,True,3.111842393875122,True,4.5299530029296875e-05,,False,,49.93352982172215,,0.6666666666666666,0.18844836814568286,0.2267494943298516,20.839668675653115,20.612919181323264,68.1763083883705,76.08364413418903,7.907335745818527,0.33333333333333337,0.6666666666666666,50.9238,2.0,7,7,7,7,7,1.089,0,0,0,0,0,,0,0,0
C_monitor_takeout+gps_spoofing_r1_1785457992,mt_pass6,C,monitor_takeout+gps_spoofing,uav_0,1785457992,True,157.22630095481873,False,True,,True,2.7804336547851562,True,5.340576171875e-05,16.31445288658142,True,7.452778339385986,19.66591228752163,19.611331380197697,0.6666666666666666,0.2925307511307569,147.384931710036,150.75484959898228,3.3699178889462758,52.71030329693521,54.676300943697534,1.965997646762322,0.33333333333333337,0.6666666666666666,50.1241,2.0,7,7,7,7,7,0.792,417,111175,834,0,0,,0,0,0
C_monitor_takeout+gps_spoofing_r2_1785458214,mt_pass6,C,monitor_takeout+gps_spoofing,uav_0,1785458214,True,157.2243413925171,False,True,,True,3.0235087871551514,True,4.506111145019531e-05,16.071108102798462,True,7.432306289672852,19.630251085776173,19.594419944734554,0.6666666666666666,0.2512163708420143,148.07239392744594,150.96757802694214,2.8951840994961913,53.49856597616592,54.959730665279025,1.4611646891131058,0.33333333333333337,0.6666666666666666,50.0406,2.0,7,7,7,7,7,1.032,417,111184,834,0,0,,0,0,0
C_monitor_takeout+gps_spoofing_r3_1785458437,mt_pass6,C,monitor_takeout+gps_spoofing,uav_0,1785458437,True,156.71761775016785,False,True,,True,3.067279100418091,True,4.458427429199219e-05,16.084340572357178,True,7.376559257507324,49.75290061941695,49.678221916155564,0.6666666666666666,0.18888000775524816,113.1742785248143,148.65878650383934,35.48450797902504,64.48449632663207,72.59700009711193,8.112503770479861,0.33333333333333337,0.6666666666666666,50.0526,2.0,7,7,7,7,7,1.103,414,110330,828,0,0,,0,0,0
C_monitor_takeout+gps_spoofing_r4_1785458660,mt_pass6,C,monitor_takeout+gps_spoofing,uav_0,1785458660,True,156.74877429008484,False,True,,True,2.8842179775238037,True,4.482269287109375e-05,16.433655977249146,True,7.412047624588013,19.630072133482578,19.589650085552563,0.6666666666666666,0.2866253487429322,145.1886260709568,147.16787782707178,1.9792517561149907,54.69792280669338,56.130029592480106,1.4321067857867316,0.33333333333333337,0.6666666666666666,50.0921,2.0,7,7,7,7,7,0.887,414,110416,828,0,0,,0,0,0
C_monitor_takeout+gps_spoofing_r5_1785458882,mt_pass6,C,monitor_takeout+gps_spoofing,uav_0,1785458882,True,158.22061681747437,False,True,,True,2.813019275665283,True,4.315376281738281e-05,16.37585711479187,True,7.59576416015625,20.001383680348688,19.949771886438374,0.6666666666666666,0.24962799296574553,84.59423719050136,124.64522682590388,40.050989635402516,4.731061372019241,32.484740760727135,27.753679388707894,0.33333333333333337,0.6666666666666666,50.0677,2.0,7,7,7,7,7,0.833,420,111913,840,0,0,,0,0,0
A_gps_spoofing_r1_1785561888,gps_pass1,A,gps_spoofing,uav_0,1785561888,True,157.20484900474548,False,True,,False,,True,,56.09287476539612,True,,8.352154208264027,6.027848868020932,1.0,6.857926345995349,134.17952969392525,152.51898835615168,18.339458662226434,18.87699049221701,38.68635262785946,19.809362135642452,0.33333333333333337,1.0,50.2857,2.0,2,1,1,1,1,0.808,0,0,0,0,0,,0,0,0
A_gps_spoofing_r2_1785562112,gps_pass1,A,gps_spoofing,uav_0,1785562112,True,157.70783376693726,False,True,,True,2.8514020442962646,True,4.4345855712890625e-05,51.038793325424194,True,,49.881362845292855,49.16880426255436,0.6666666666666666,0.32651086857466893,13.598005117609375,18.518373326895414,4.920368209286039,67.2610726378544,74.40267743447748,7.14160479662308,0.33333333333333337,0.6666666666666666,50.6563,2.0,7,7,7,7,7,0.869,0,0,0,0,0,,0,0,0
A_gps_spoofing_r3_1785562334,gps_pass1,A,gps_spoofing,uav_0,1785562334,True,156.70811200141907,False,True,,True,3.0739102363586426,True,4.363059997558594e-05,50.71227812767029,True,,49.92929980433719,49.12687228145887,0.6666666666666666,0.2756171046314595,1.9586286810175295,19.37207038251421,17.41344170149668,66.24311719765802,73.29085879873851,7.047741601080494,0.33333333333333337,0.6666666666666666,50.759,2.0,4,4,4,4,4,1.089,0,0,0,0,0,,0,0,0
A_gps_spoofing_r4_1785562555,gps_pass1,A,gps_spoofing,uav_0,1785562555,True,157.21726655960083,False,True,,True,2.7239346504211426,True,4.4345855712890625e-05,51.21052932739258,True,,49.836627461370256,49.19276919800262,0.6666666666666666,0.29313464598752503,16.125760953648353,31.129166376739363,15.00340542309101,47.12625386916684,54.18388122753244,7.0576273583656,0.33333333333333337,0.6666666666666666,50.8183,2.0,7,7,7,7,7,0.758,0,0,0,0,0,,0,0,0
A_gps_spoofing_r5_1785562777,gps_pass1,A,gps_spoofing,uav_0,1785562777,True,155.69983530044556,False,True,,True,2.7397003173828125,True,4.315376281738281e-05,51.48618459701538,True,,49.81975963140978,49.080458739543296,0.6666666666666666,0.2712933608578485,13.096743170408303,16.39623820272209,3.2994950323137857,74.37729368189012,76.84571579265842,2.468422110768296,0.33333333333333337,0.6666666666666666,50.8024,2.0,7,7,7,7,7,0.756,0,0,0,0,0,,0,0,0
B_gps_spoofing_r1_1785562997,gps_pass1,B,gps_spoofing,uav_0,1785562997,True,157.18967843055725,False,True,,True,2.932835340499878,True,5.245208740234375e-05,50.86821007728577,True,,49.90055175093795,49.155294938502735,0.6666666666666666,0.26458314133010674,15.939693784507426,19.31085343649255,3.371159651985124,74.74978214683037,76.6052209499461,1.8554388031157334,0.33333333333333337,0.6666666666666666,50.4596,2.0,4,4,4,4,4,0.953,0,0,0,0,0,,0,0,0
B_gps_spoofing_r2_1785563219,gps_pass1,B,gps_spoofing,uav_0,1785563219,True,157.72398233413696,False,True,,True,2.774709463119507,True,4.291534423828125e-05,51.05657649040222,True,,49.83440089774321,49.22782981940947,0.6666666666666666,0.32359140067094716,15.415785101390298,18.840632769764,3.424847668373701,74.32320498777352,76.49064083169655,2.167435843923028,0.33333333333333337,0.6666666666666666,50.9308,2.0,7,7,7,7,7,0.763,0,0,0,0,0,,0,0,0
B_gps_spoofing_r3_1785563441,gps_pass1,B,gps_spoofing,uav_0,1785563441,True,157.22705101966858,False,True,,True,2.8852384090423584,True,4.124641418457031e-05,50.79954981803894,True,,49.636665220441344,49.1068714463764,0.6666666666666666,0.2801359657896245,15.369165397668098,18.582105660266052,3.2129402625979537,74.18579583573619,76.5219509295831,2.3361550938469122,0.33333333333333337,0.6666666666666666,50.6864,2.0,5,5,5,5,5,0.866,0,0,0,0,0,,0,0,0
B_gps_spoofing_r4_1785563663,gps_pass1,B,gps_spoofing,uav_0,1785563663,True,156.69262671470642,False,True,,True,2.730262041091919,True,4.124641418457031e-05,50.92466950416565,True,,49.88247046916894,49.15148459707893,0.6666666666666666,0.27610475953811964,0.9993954860823635,24.4211122235032,23.421716737420837,71.41530194777849,78.14080818174575,6.725506233967273,0.33333333333333337,0.6666666666666666,50.9075,2.0,7,7,7,7,7,0.745,0,0,0,0,0,,0,0,0
B_gps_spoofing_r5_1785563884,gps_pass1,B,gps_spoofing,uav_0,1785563884,True,156.72613072395325,False,True,,True,2.9454398155212402,True,4.410743713378906e-05,50.47289180755615,True,,49.66274804912478,49.13674244553289,0.6666666666666666,0.26965333453165763,17.33362357792359,33.45694260685326,16.12331902892967,39.846056341968605,46.64867917737911,6.802622835410503,0.33333333333333337,0.6666666666666666,50.8769,2.0,5,5,5,5,5,0.944,0,0,0,0,0,,0,0,0
C_gps_spoofing_r1_1785564106,gps_pass1,C,gps_spoofing,uav_0,1785564106,True,156.67921376228333,False,True,,True,3.028200149536133,True,4.982948303222656e-05,17.245503187179565,True,7.466974258422852,19.61548904162818,19.56774639401587,0.6666666666666666,0.31138347055578314,144.4846658775071,147.53053990903896,3.0458740315318664,52.99327092313072,55.02413528547255,2.0308643623418305,0.33333333333333337,0.6666666666666666,50.1794,2.0,7,7,7,7,7,1.014,472,125749,944,0,0,,0,0,0
C_gps_spoofing_r2_1785564328,gps_pass1,C,gps_spoofing,uav_0,1785564328,True,157.2094419002533,False,True,,True,2.9777467250823975,True,4.839897155761719e-05,16.187577962875366,True,7.48496413230896,19.569997426808236,19.521852055059814,0.6666666666666666,0.2774017235128649,148.42751925400995,151.53400967410516,3.106490420095213,53.28075258690414,54.86712226868957,1.5863696817854247,0.33333333333333337,0.6666666666666666,50.0596,2.0,7,7,7,7,7,1.0,475,126520,950,0,0,,0,0,0
C_gps_spoofing_r3_1785564550,gps_pass1,C,gps_spoofing,uav_0,1785564550,True,156.68624901771545,False,True,,True,2.7060205936431885,True,4.315376281738281e-05,16.355578422546387,True,7.397666692733765,19.683288123399983,19.642968111453126,0.6666666666666666,0.2949323117457787,145.97423081818306,149.5698947236691,3.595663905486049,52.75881974771275,54.778307723093015,2.0194879753802644,0.33333333333333337,0.6666666666666666,50.0493,2.0,7,7,7,7,7,0.699,472,125737,944,0,0,,0,0,0
C_gps_spoofing_r4_1785564773,gps_pass1,C,gps_spoofing,uav_0,1785564773,True,157.72049593925476,False,True,,True,2.8686225414276123,True,4.673004150390625e-05,16.181056261062622,True,7.4087560176849365,19.642078198126388,19.600885630409504,0.6666666666666666,0.2523423349186338,148.36217086032258,151.8108061751908,3.448635314868227,52.6282833353735,54.58099727156712,1.9527139361936179,0.33333333333333337,0.6666666666666666,50.0622,2.0,7,7,7,7,7,0.872,475,126508,950,0,0,,0,0,0
C_gps_spoofing_r5_1785564996,gps_pass1,C,gps_spoofing,uav_0,1785564996,True,156.7037672996521,False,True,,True,2.7197587490081787,True,4.100799560546875e-05,16.372700691223145,True,7.422970771789551,19.728798742105024,19.669275827235737,0.6666666666666666,0.26913065800988717,147.4643635010338,149.41291313334114,1.9485496323073335,55.10065288885642,56.12110195894043,1.0204490700840059,0.33333333333333337,0.6666666666666666,50.0738,2.0,7,7,7,7,7,0.715,472,125711,944,0,0,,0,0,0
A_gps_spoofing_r1_1785569154,gps_pass2,A,gps_spoofing,uav_0,1785569154,True,156.71302270889282,False,True,,True,2.8556368350982666,True,4.291534423828125e-05,50.83339977264404,True,,49.91053230764507,49.151705747929995,0.6666666666666666,0.2615992427604503,15.598302203410412,19.012614919847977,3.414312716437564,74.63928603822235,76.78340197001407,2.1441159317917102,0.33333333333333337,0.6666666666666666,50.702,2.0,7,7,7,7,7,0.877,0,0,0,0,0,,0,0,0
A_gps_spoofing_r2_1785569376,gps_pass2,A,gps_spoofing,uav_0,1785569376,True,157.2249882221222,False,True,,True,2.871525526046753,True,4.363059997558594e-05,,False,,49.84685932049767,,0.6666666666666666,0.33137221274131684,7.478127163202657,17.63416781261293,10.156040649410272,67.83395589052857,76.72199968109275,8.888043790564188,0.33333333333333337,0.6666666666666666,50.7608,2.0,7,7,7,7,7,0.849,0,0,0,0,0,,0,0,0
A_gps_spoofing_r3_1785569597,gps_pass2,A,gps_spoofing,uav_0,1785569597,True,155.71708583831787,False,True,,True,2.864532947540283,True,4.363059997558594e-05,,False,,49.707628598127656,,0.6666666666666666,0.3560329254226442,14.052919121727967,39.22467469652071,25.17175557479274,50.08661948074945,73.67229570207643,23.58567622132698,0.33333333333333337,0.6666666666666666,51.062,2.0,7,7,7,7,7,0.853,0,0,0,0,0,,0,0,0
A_gps_spoofing_r4_1785569818,gps_pass2,A,gps_spoofing,uav_0,1785569818,True,157.21953201293945,False,True,,True,2.7441697120666504,True,4.458427429199219e-05,51.03679800033569,True,,49.77980131966838,49.131607629814866,0.6666666666666666,0.3280297315498508,11.448635067954939,24.212976997165583,12.764341929210644,46.564173375133905,54.10826474124448,7.544091366110582,0.33333333333333337,0.6666666666666666,50.9786,2.0,7,7,7,7,7,0.762,0,0,0,0,0,,0,0,0
A_gps_spoofing_r5_1785570039,gps_pass2,A,gps_spoofing,uav_0,1785570039,True,157.18395137786865,False,True,,True,2.9468936920166016,True,4.1961669921875e-05,50.90340065956116,True,,49.6433548882642,49.1071272799759,0.6666666666666666,0.2965790835808697,15.953760549961771,19.293884126697947,3.3401235767361754,74.70453083379076,76.88241215865632,2.1778813248655684,0.33333333333333337,0.6666666666666666,50.7979,2.0,5,5,5,5,5,0.96,0,0,0,0,0,,0,0,0
B_gps_spoofing_r1_1785570261,gps_pass2,B,gps_spoofing,uav_0,1785570261,True,157.19487309455872,False,True,,True,2.9500370025634766,True,4.315376281738281e-05,50.938868045806885,True,,49.925888191517735,49.16753868847201,0.6666666666666666,0.3067201790224843,30.742425847003574,35.32099093009526,4.578565083091689,55.67161638023035,58.697345575837296,3.0257291956069503,0.33333333333333337,0.6666666666666666,50.9513,2.0,7,7,7,7,7,0.964,0,0,0,0,0,,0,0,0
B_gps_spoofing_r2_1785570483,gps_pass2,B,gps_spoofing,uav_0,1785570483,True,157.25110960006714,False,True,,True,2.7466073036193848,True,6.222724914550781e-05,50.77805256843567,True,,49.76685803093734,49.18349128577153,0.6666666666666666,0.26630269367971193,14.195676693837015,18.432813719843523,4.237137026006508,73.10774671192083,75.71613659354188,2.6083898816210502,0.33333333333333337,0.6666666666666666,50.6298,2.0,5,5,5,5,5,0.744,0,0,0,0,0,,0,0,0
B_gps_spoofing_r3_1785570705,gps_pass2,B,gps_spoofing,uav_0,1785570705,True,156.6769094467163,False,True,,True,2.9896183013916016,True,4.363059997558594e-05,51.59438371658325,True,,49.67304251228075,49.12109457194805,0.6666666666666666,0.2652670094382099,12.15890113244609,15.78462733584098,3.6257262033948905,74.75901433270863,77.07864216401663,2.3196278313079954,0.33333333333333337,0.6666666666666666,50.6968,2.0,6,6,6,6,6,1.005,0,0,0,0,0,,0,0,0
B_gps_spoofing_r4_1785570926,gps_pass2,B,gps_spoofing,uav_0,1785570926,True,157.18592238426208,False,True,,True,3.0604441165924072,False,4.172325134277344e-05,118.738445520401,True,,49.623844046200915,49.1361696867496,0.3333333333333333,0.29161014695938015,0.0,111.39336055286901,113.25278593487423,26.240345208857214,51.20345478769023,24.963109578833013,0.6666666666666667,0.3333333333333333,50.7055,2.0,5,5,5,5,7,1.045,0,0,0,0,2,gps,2,0,0
B_gps_spoofing_r5_1785571148,gps_pass2,B,gps_spoofing,uav_0,1785571148,True,157.21904253959656,False,True,,True,3.024118661880493,True,4.482269287109375e-05,51.038090229034424,True,,49.608308277137674,49.2008585199783,0.6666666666666666,0.2897584595089171,14.056892347195515,27.80506483153283,13.748172484337317,52.6530105563217,59.92072224247574,7.267711686154033,0.33333333333333337,0.6666666666666666,50.8343,2.0,5,5,5,5,5,1.029,0,0,0,0,0,,0,0,0
C_gps_spoofing_r1_1785571370,gps_pass2,C,gps_spoofing,uav_0,1785571370,True,156.6967067718506,False,True,,True,2.9545578956604004,True,4.220008850097656e-05,16.442182064056396,True,7.327678918838501,20.005960111295572,19.970786029937358,0.6666666666666666,0.2503862802865855,125.14269965556826,129.57057239822177,4.427872742653506,51.5262470977127,54.05033375009525,2.524086652382551,0.33333333333333337,0.6666666666666666,50.1091,2.0,7,7,7,7,7,0.92,472,125728,944,0,0,,0,0,0
C_gps_spoofing_r2_1785571592,gps_pass2,C,gps_spoofing,uav_0,1785571592,True,156.68831205368042,False,True,,True,2.9237236976623535,True,6.031990051269531e-05,16.32430124282837,True,7.450582265853882,21.24794554706381,21.203478166297213,0.6666666666666666,0.2820106148832728,140.12210482950707,166.8680159608898,26.74591113138274,37.84316435349473,55.143668053608486,17.300503700113758,0.33333333333333337,0.6666666666666666,50.0625,2.0,7,7,7,7,7,0.939,472,125784,944,0,0,,0,0,0
C_gps_spoofing_r3_1785571814,gps_pass2,C,gps_spoofing,uav_0,1785571814,True,157.19751620292664,False,True,,True,2.8668181896209717,True,3.981590270996094e-05,16.417532444000244,True,8.229735851287842,19.731733893482197,19.666100701436726,0.6666666666666666,0.2657692569784089,146.47491317907446,149.3747840478735,2.8998708687990415,53.525439649984435,55.749813015619736,2.224373365635298,0.33333333333333337,0.6666666666666666,50.0782,2.0,7,7,7,7,7,0.864,472,125746,944,0,0,,0,0,0
C_gps_spoofing_r4_1785572037,gps_pass2,C,gps_spoofing,uav_0,1785572037,True,157.7061767578125,False,True,,True,2.938290596008301,True,4.410743713378906e-05,16.260482788085938,True,7.4376380443573,19.5165584001753,19.47000807556344,0.6666666666666666,0.3499158162773526,146.76152356331676,151.57935129720204,4.817827733885281,51.05696526343681,53.46202110161561,2.4050558381788067,0.33333333333333337,0.6666666666666666,50.024,2.0,7,7,7,7,7,0.944,475,126564,950,0,0,,0,0,0
C_gps_spoofing_r5_1785572260,gps_pass2,C,gps_spoofing,uav_0,1785572260,True,156.69721007347107,False,True,,True,2.9453139305114746,True,4.363059997558594e-05,16.2409827709198,True,7.424735069274902,19.75552883652384,19.71002761093248,0.6666666666666666,0.2763558419318919,145.67094370884965,148.5720310578762,2.9010873490265396,53.339853824644884,55.18227499814762,1.8424211735027367,0.33333333333333337,0.6666666666666666,50.0006,2.0,7,7,7,7,7,0.938,472,125772,944,0,0,,0,0,0
A_comm_disruption_r1_1785565520,comm_pass1,A,comm_disruption,uav_0,1785565520,True,157.22336888313293,False,True,,True,3.5279102325439453,True,5.5789947509765625e-05,0.14788031578063965,True,,0.46079592083596055,-0.17977209777384417,1.0,0.2711111097313932,99.13548686696481,118.59280039681784,19.457313529853025,28.330387176450127,39.52889077035172,11.198503593901595,0.0,1.0,0.9928,0.0346,0,0,0,0,0,,0,0,0,0,0,,0,0,0
A_comm_disruption_r2_1785565742,comm_pass1,A,comm_disruption,uav_0,1785565742,True,157.2016477584839,False,True,,True,3.4316673278808594,True,5.030632019042969e-05,0.12494325637817383,True,,0.6335078560042284,-0.22095942068402633,1.0,0.286193378114509,112.94441318606485,116.90886815694881,3.9644549708839634,36.249299927572295,38.69748318353136,2.448183255959067,0.0,1.0,0.922,0.0453,0,0,0,0,0,,0,0,0,0,0,,0,0,0
A_comm_disruption_r3_1785565964,comm_pass1,A,comm_disruption,uav_0,1785565964,True,157.2014353275299,False,True,,True,3.508962869644165,True,0.0001430511474609375,19.729471445083618,True,,10.940145068704572,-0.16823531697401678,1.0,0.28359442144335034,83.10777479469647,86.61899554361037,3.5112207489138996,36.91138933953467,39.08774248650741,2.176353146972738,0.0,1.0,0.9365,0.0413,0,0,0,0,0,,0,0,0,0,0,,0,0,0
A_comm_disruption_r4_1785566186,comm_pass1,A,comm_disruption,uav_0,1785566186,True,157.68531322479248,False,True,,True,3.4792070388793945,True,5.5789947509765625e-05,0.152817964553833,True,,0.6766777227782875,-0.2079618475169493,1.0,0.3181769798917138,106.52019921016122,109.90038021927245,3.380181009111226,37.12682215405959,39.221356767986606,2.0945346139270153,0.0,1.0,1.0743,0.0365,0,0,0,0,0,,0,0,0,0,0,,0,0,0
A_comm_disruption_r5_1785566408,comm_pass1,A,comm_disruption,uav_0,1785566408,True,155.71471762657166,False,True,,True,3.4806764125823975,True,5.125999450683594e-05,0.17896461486816406,True,,1.1233837178471053,-0.13283776779988365,1.0,0.2915708475864768,109.30334693467427,113.34936631980565,4.0460193851313875,36.20734271902116,38.944529046789064,2.7371863277679016,0.0,1.0,0.9495,0.0356,0,0,0,0,0,,0,0,0,0,0,,0,0,0
B_comm_disruption_r1_1785566628,comm_pass1,B,comm_disruption,uav_0,1785566628,True,156.6998634338379,False,True,,True,3.4978792667388916,True,5.4836273193359375e-05,0.021626710891723633,True,,0.4130763534621392,-0.23284598078547736,1.0,0.2653195241253288,76.6808541484377,100.33696903310653,23.656114884668824,15.417211530770196,22.575823362336454,7.158611831566258,0.0,1.0,0.9795,0.0258,0,0,0,0,0,,0,0,0,0,0,,0,0,0
B_comm_disruption_r2_1785566849,comm_pass1,B,comm_disruption,uav_0,1785566849,True,158.1960687637329,False,True,,True,3.3094286918640137,True,5.221366882324219e-05,0.14328742027282715,True,,-0.04325982538621412,-0.08685726207303329,1.0,0.09602381192288156,218.40453177926375,258.7544970231768,40.34996524391303,9.59119933754835,39.0338883431635,29.442689005615147,0.0,1.0,0.952,0.031,0,0,0,0,0,,0,0,0,0,0,,0,0,0
B_comm_disruption_r3_1785567073,comm_pass1,B,comm_disruption,uav_0,1785567073,True,157.182874917984,False,True,,True,3.4912121295928955,True,5.125999450683594e-05,0.21060633659362793,True,,0.6279684064851618,-0.2488128236737439,1.0,0.3005039167466492,117.80474076156446,119.92301420081003,2.11827343924557,39.38226038569751,40.6173567025587,1.2350963168611893,0.0,1.0,0.9698,0.0244,0,0,0,0,0,,0,0,0,0,0,,0,0,0
B_comm_disruption_r4_1785567294,comm_pass1,B,comm_disruption,uav_0,1785567294,True,156.7242946624756,False,True,,True,2.5694594383239746,True,5.1975250244140625e-05,0.16190648078918457,True,,0.6132891078798997,-0.17790089332839137,1.0,0.2741133607619923,110.5695707421308,122.81647691646987,12.246906174339074,33.33640405638312,40.198903971442526,6.862499915059413,0.0,1.0,0.9645,0.0489,0,0,0,0,0,,0,0,0,0,0,,0,0,0
B_comm_disruption_r5_1785567516,comm_pass1,B,comm_disruption,uav_0,1785567516,True,156.6985321044922,False,True,,True,3.431656837463379,True,6.008148193359375e-05,0.1029961109161377,True,,1.3411056890486348,-0.19641959514296825,1.0,0.26385205444057025,119.5410704777367,123.44178939439416,3.9007189166574676,36.74681296948381,38.90064566460003,2.1538326951162117,0.0,1.0,0.9534,0.0307,0,0,0,0,0,,0,0,0,0,0,,0,0,0
C_comm_disruption_r1_1785567737,comm_pass1,C,comm_disruption,uav_0,1785567737,True,157.20119500160217,False,True,,True,2.400109052658081,True,6.29425048828125e-05,0.005006313323974609,True,,0.543118438950805,-0.22419910536035875,1.0,0.27990620185345527,108.91791106782495,112.25871727852211,3.340806210697167,36.94912349325892,39.0004503114431,2.051326818184187,0.0,1.0,1.0279,0.0312,0,0,0,0,0,,466,124006,932,0,0,,0,0,0
C_comm_disruption_r2_1785567960,comm_pass1,C,comm_disruption,uav_0,1785567960,True,156.73556542396545,False,True,,True,3.487292528152466,True,5.316734313964844e-05,13.689828157424927,True,,5.269181385523586,-0.22231527615196958,1.0,0.2763644053301624,110.76039505960014,113.39709514987902,2.636700090278879,37.64364420527202,39.50383359837857,1.8601893931065545,0.0,1.0,1.0578,0.0374,0,0,0,0,0,,466,124006,932,0,0,,0,0,0
C_comm_disruption_r3_1785568182,comm_pass1,C,comm_disruption,uav_0,1785568182,True,164.68779635429382,False,True,,True,3.273507595062256,False,5.8650970458984375e-05,,False,25.385191202163696,16.33394267905968,,0.3333333333333333,0.3319306598089007,14.557423446877152,18.485488646898375,3.928065200021223,35.27853856077344,37.423133473816335,2.144594913042898,0.6666666666666667,0.3333333333333333,1.0104,0.0392,0,0,0,1,1,,482,128491,964,0,0,,0,0,0
C_comm_disruption_r4_1785568407,comm_pass1,C,comm_disruption,uav_0,1785568407,True,157.18427634239197,False,True,,True,3.266890287399292,True,5.793571472167969e-05,13.02287220954895,True,,4.149270351488678,-0.20613307565333502,1.0,0.2922345564800679,130.23815988616892,133.58747449646626,3.3493146102973412,37.478553780831916,39.2939017124869,1.815347931654987,0.0,1.0,0.9372,0.029,0,0,0,0,0,,466,124074,932,0,0,,0,0,0
C_comm_disruption_r5_1785568630,comm_pass1,C,comm_disruption,uav_0,1785568630,True,157.19147610664368,False,True,,True,3.3752899169921875,True,4.8160552978515625e-05,0.05434823036193848,True,,0.6497998416940398,-0.23385360438214842,1.0,0.2829746905847547,129.089922446311,132.344494357565,3.254571911254004,37.267673030734535,39.15495334915543,1.8872803184208886,0.0,1.0,0.9237,0.0383,0,0,0,0,0,,466,123965,932,0,0,,0,0,0
A_comm_disruption_r1_1785572785,comm_pass2,A,comm_disruption,uav_0,1785572785,True,157.69538164138794,False,True,,True,3.476499080657959,True,5.245208740234375e-05,15.37877368927002,True,,4.651455854634017,-0.18249252486553633,1.0,0.30583660050083594,94.2511766601942,111.66318547281725,17.412008812623043,34.295852848146964,41.59071930598874,7.294866457841778,0.0,1.0,1.042,0.0361,0,0,0,0,0,,0,0,0,0,0,,0,0,0
A_comm_disruption_r2_1785573007,comm_pass2,A,comm_disruption,uav_0,1785573007,True,156.71324682235718,False,True,,True,2.394556760787964,False,5.316734313964844e-05,0.0971379280090332,True,,1.8351837119290053,-0.064690888147278,1.0,0.24379691600623943,122.44438221283258,125.7112762540292,3.266894041196622,123.63826063315034,125.56581399540855,1.92755336225821,0.33333333333333337,1.0,1.092,0.0612,0,0,0,7,7,,0,0,0,0,0,,0,0,0
A_comm_disruption_r3_1785573228,comm_pass2,A,comm_disruption,uav_0,1785573228,True,156.68902039527893,False,True,,True,3.302276372909546,True,4.792213439941406e-05,0.13903021812438965,True,,0.40253408914699573,-0.2015347631943747,1.0,0.27646036925775685,128.80123619225822,132.3964800789613,3.595243886703088,36.539214431804545,39.17577308407877,2.6365586522742226,0.0,1.0,0.996,0.0288,0,0,0,0,0,,0,0,0,0,0,,0,0,0
A_comm_disruption_r4_1785573449,comm_pass2,A,comm_disruption,uav_0,1785573449,True,157.70585465431213,False,True,,True,3.4659433364868164,True,6.437301635742188e-05,0.047704219818115234,True,,2.2616521523634887,-0.14576684548497099,1.0,0.2813544056760833,116.05704113276292,118.69008575685007,2.633044624087148,37.48388102068587,39.71612758733989,2.232246566654018,0.0,1.0,1.0924,0.0298,0,0,0,0,0,,0,0,0,0,0,,0,0,0
A_comm_disruption_r5_1785573671,comm_pass2,A,comm_disruption,uav_0,1785573671,True,156.69295644760132,False,True,,True,3.369884490966797,False,5.626678466796875e-05,12.026569128036499,True,,2.8532623477913095,-0.24213049017541985,1.0,0.2712730285808185,122.09605142357941,124.41630809216724,2.320256668587831,39.33173280134342,41.454119643118226,2.122386841774805,0.33333333333333337,1.0,1.0036,0.0543,0,0,0,0,0,,0,0,0,0,0,,0,0,0
B_comm_disruption_r1_1785573893,comm_pass2,B,comm_disruption,uav_0,1785573893,True,157.19485116004944,False,True,,True,3.4494335651397705,True,5.91278076171875e-05,16.219059228897095,True,,3.1922363292774754,-0.24030733399357296,1.0,0.2872479636491415,105.6050582259775,120.91546346577093,15.310405239793425,16.10294563168151,30.656177476897334,14.553231845215823,0.0,1.0,0.9428,0.0321,0,0,0,0,0,,0,0,0,0,0,,0,0,0
B_comm_disruption_r2_1785574114,comm_pass2,B,comm_disruption,uav_0,1785574114,True,157.71021819114685,False,True,,True,3.3729426860809326,True,5.269050598144531e-05,0.08201980590820312,True,,1.4296496183880498,0.018597471330297433,1.0,0.27096090035670173,91.65139678963467,95.22350109480391,3.5721043051692334,36.939474661043306,39.3542300849134,2.4147554238700897,0.0,1.0,1.1324,0.0644,0,0,0,0,0,,0,0,0,0,0,,0,0,0
B_comm_disruption_r3_1785574337,comm_pass2,B,comm_disruption,uav_0,1785574337,True,156.7225878238678,False,True,,True,2.5613231658935547,True,6.771087646484375e-05,30.207327842712402,True,,74.23307579855124,21.976950712428494,1.0,0.24930233892778358,50.17672787279639,52.7781488736905,2.6014210008941063,104.10831339597519,105.63199901564498,1.523685619669795,0.33333333333333337,1.0,0.8426,0.0311,0,0,0,0,0,,0,0,0,0,0,,0,0,0
B_comm_disruption_r4_1785574558,comm_pass2,B,comm_disruption,uav_0,1785574558,True,157.6837649345398,False,True,,True,3.333051919937134,True,6.318092346191406e-05,0.11105036735534668,True,,0.30158344848615515,-0.2495433862565136,1.0,0.29366995762843806,135.97266465415146,139.4919557376479,3.519291083496455,37.213728217297074,39.15132097123927,1.937592753942199,0.0,1.0,0.9466,0.0237,0,0,0,0,0,,0,0,0,0,0,,0,0,0
B_comm_disruption_r5_1785574780,comm_pass2,B,comm_disruption,uav_0,1785574780,True,156.21016550064087,False,True,,True,3.4866268634796143,True,5.245208740234375e-05,19.417325258255005,True,,2.8845799255851627,-0.14298378176916357,1.0,0.30112365694602455,102.7635475958044,105.5095068538318,2.7459592580273977,37.87002877470287,39.75269431317474,1.8826655384718758,0.0,1.0,1.059,0.0447,0,0,0,0,0,,0,0,0,0,0,,0,0,0
C_comm_disruption_r1_1785575001,comm_pass2,C,comm_disruption,uav_0,1785575001,True,157.71145105361938,False,True,,True,3.376741886138916,True,4.863739013671875e-05,0.08919143676757812,True,,-0.040433020810292694,-0.1021222508711035,1.0,0.13015742999087518,213.07664155292838,259.90790872643436,46.83126717350598,6.797170274978043,38.43241790774085,31.635247632762805,0.0,1.0,1.1294,0.0327,0,0,0,0,0,,469,124825,938,0,0,,0,0,0
C_comm_disruption_r2_1785575224,comm_pass2,C,comm_disruption,uav_0,1785575224,True,156.72023105621338,False,True,,True,2.9119186401367188,True,5.14984130859375e-05,0.16491246223449707,True,,1.1688313718450236,-0.20403408411231364,1.0,0.25176443786125813,105.53553547781848,118.24539477321775,12.70985929539927,30.85424831774706,37.84301675859043,6.988768440843369,0.0,1.0,0.9613,0.0468,0,0,0,0,0,,469,124735,938,0,0,,0,0,0
C_comm_disruption_r3_1785575447,comm_pass2,C,comm_disruption,uav_0,1785575447,True,157.20881819725037,False,True,,True,3.4912290573120117,True,6.151199340820312e-05,0.17743444442749023,True,,-0.048388134226375085,-0.2686366920801526,1.0,0.2902245902082742,195.09232648127323,199.0893755631718,3.997049081898581,28.060231259049026,34.28853159153933,6.228300332490306,0.0,1.0,0.9764,0.0266,0,0,0,0,0,,469,124752,938,0,0,,0,0,0
C_comm_disruption_r4_1785575669,comm_pass2,C,comm_disruption,uav_0,1785575669,True,156.21648526191711,False,True,,True,3.3638076782226562,True,5.888938903808594e-05,16.519184112548828,True,,5.2580816961740195,-0.24829737324084972,1.0,0.31317644431615643,117.06403899418618,120.39908283368584,3.3350438394996615,37.38957870123383,39.535315477159735,2.145736775925903,0.0,1.0,0.8976,0.0397,0,0,0,0,0,,466,124031,932,0,0,,0,0,0
C_comm_disruption_r5_1785575891,comm_pass2,C,comm_disruption,uav_0,1785575891,True,157.1794238090515,False,True,,True,3.2489912509918213,True,7.271766662597656e-05,13.384006023406982,True,,2.54234920626554,-0.21401101753519913,1.0,0.29480079711143503,112.9700383157213,116.34501986131767,3.37498154559637,36.16669809419426,39.1845317863586,3.0178336921643343,0.0,1.0,1.0655,0.04,0,0,0,0,0,,466,123962,932,0,0,,0,0,0
A_none_r1_1785481806,base_pass1,A,none,uav_0,1785481806,True,157.1981279850006,False,True,,,,,,,,,,,1.0,,0.10809855441902982,2.7368330169020396,2.62873446248301,0.009748109504819746,1.9475286865564032,1.9377805770515835,0.0,1.0,1.0363,0.0311,0,0,0,0,0,,0,0,0,0,0,,0,0,0
A_none_r2_1785482028,base_pass1,A,none,uav_0,1785482028,True,156.70349264144897,False,True,,,,,,,,,,,1.0,,0.6005373433832801,3.681153465938678,3.080616122555398,0.0,1.7089453243648265,1.959571224335994,0.0,1.0,1.1166,0.0697,0,0,0,0,0,,0,0,0,0,0,,0,0,0
A_none_r3_1785482250,base_pass1,A,none,uav_0,1785482250,True,156.71668195724487,False,True,,,,,,,,,,,1.0,,0.0,1.1716500348724708,1.2389149430156863,0.2522477770440623,0.9948632913626094,0.7426155143185471,0.0,1.0,0.955,0.0298,0,0,0,0,0,,0,0,0,0,0,,0,0,0
A_none_r4_1785482471,base_pass1,A,none,uav_0,1785482471,True,157.21072125434875,False,True,,,,,,,,,,,1.0,,0.0,21.130086063186468,21.166758498536637,0.0,7.061354699930373,7.363059432534055,0.0,1.0,1.0021,0.0465,0,0,0,0,0,,0,0,0,0,0,,0,0,0
A_none_r5_1785482693,base_pass1,A,none,uav_0,1785482693,True,156.68942975997925,False,True,,,,,,,,,,,1.0,,0.223872722218033,3.6878115260124673,3.4639388037944343,0.051828730119356514,2.457697726376683,2.4058689962573263,0.0,1.0,1.0587,0.0272,0,0,0,0,0,,0,0,0,0,0,,0,0,0
B_none_r1_1785482914,base_pass1,B,none,uav_0,1785482914,True,157.20133900642395,False,True,,,,,,,,,,,1.0,,0.0,4.107306893375608,4.284197437436092,0.08621284230793824,2.10793301855482,2.0217201762468817,0.0,1.0,1.049,0.0496,0,0,0,0,0,,0,0,0,0,0,,0,0,0
B_none_r2_1785483136,base_pass1,B,none,uav_0,1785483136,True,156.22724843025208,False,True,,,,,,,,,,,1.0,,0.0,1.6598051031248247,2.603974066773901,0.3008567426582043,2.325495879372117,2.0246391367139127,0.0,1.0,0.9921,0.0439,0,0,0,0,0,,0,0,0,0,0,,0,0,0
B_none_r3_1785483357,base_pass1,B,none,uav_0,1785483357,True,164.20376920700073,False,True,,,47.47311282157898,,0.0001347064971923828,,,,,,0.6666666666666666,,0.9592334174291182,31.622498559766512,30.663265142337394,3.8954511944514145,8.424948754295823,4.529497559844408,0.33333333333333337,0.6666666666666666,211.5344,1.3501,1,1,1,1,1,44.318,0,0,0,0,3,heartbeat,0,3,0
B_none_r4_1785483580,base_pass1,B,none,uav_0,1785483580,True,157.19403791427612,False,True,,,,,,,,,,,1.0,,0.0,49.53978809982607,51.173263134895535,0.3675212846574638,7.319385389014528,6.951864104357064,0.0,1.0,0.9913,0.0419,0,0,0,0,0,,0,0,0,0,0,,0,0,0
B_none_r5_1785483802,base_pass1,B,none,uav_0,1785483802,True,157.17412996292114,False,True,,,,,,,,,,,1.0,,0.1057335179968959,1.4175229076022333,1.3117893896053374,0.0,0.9120212417835843,1.0538357098243272,0.0,1.0,0.9568,0.05,0,0,0,0,0,,0,0,0,0,0,,0,0,0
C_none_r1_1785484024,base_pass1,C,none,uav_0,1785484024,True,157.68257808685303,False,True,,,,,,,,,,,1.0,,0.37770973523313955,3.727763874557695,3.3500541393245555,0.0,2.3585090347573274,2.3590531149142775,0.0,1.0,0.9436,0.047,0,0,0,0,0,,468,124492,936,0,0,,0,0,0
C_none_r2_1785484247,base_pass1,C,none,uav_0,1785484247,True,156.19540929794312,False,True,,,,,,,,,,,1.0,,0.8812794305491707,3.9556598021493983,3.0743803716002276,0.0,1.8928550296512676,1.9438661913102746,0.0,1.0,0.9334,0.0727,0,0,0,0,0,,465,123702,930,0,0,,0,0,0
C_none_r3_1785484469,base_pass1,C,none,uav_0,1785484469,True,156.2098536491394,False,True,,,,,,,,,,,1.0,,0.0,2.0880955943339927,2.226003288503705,0.05191356007065151,1.4849028562403466,1.432989296169695,0.0,1.0,1.0618,0.0351,0,0,0,0,0,,465,123698,930,0,0,,0,0,0
C_none_r4_1785484691,base_pass1,C,none,uav_0,1785484691,True,157.6836495399475,False,True,,,,,,,,,,,1.0,,0.011555011065780718,3.406610805949981,3.3950557948842004,0.0342524876698147,2.112988030741852,2.078735543072037,0.0,1.0,1.0035,0.0403,0,0,0,0,0,,468,124475,936,0,0,,0,0,0
C_none_r5_1785484914,base_pass1,C,none,uav_0,1785484914,True,157.72143721580505,False,True,,,,,,,,,,,1.0,,0.40862093751928796,3.9142194720076304,3.5055985344883425,0.07602382247907924,2.1675235110254447,2.0914996885463655,0.0,1.0,1.0012,0.0371,0,0,0,0,0,,468,124528,936,0,0,,0,0,0
A_none_r1_1785485440,base_pass2,A,none,uav_0,1785485440,True,157.688894033432,False,True,,,,,,,,,,,1.0,,0.1484357180833058,3.4570529805702677,3.308617262486962,0.20035583872904028,1.9422066414281483,1.741850802699108,0.0,1.0,1.054,0.0444,0,0,0,0,0,,0,0,0,0,0,,0,0,0
A_none_r2_1785485662,base_pass2,A,none,uav_0,1785485662,True,165.72893714904785,False,True,,,,,0.0001277923583984375,,,,,,,,,,22.946346098518433,,,4.760914526295501,,,0.8907,0.0282,0,0,0,0,0,,0,0,0,0,3,heartbeat,0,3,0
A_none_r3_1785485887,base_pass2,A,none,uav_0,1785485887,True,156.71619057655334,False,True,,,,,,,,,,,1.0,,0.5595663921807841,3.4542790854042664,2.8947126932234823,0.0,1.9482139225880712,2.081515816564455,0.0,1.0,1.0647,0.0707,0,0,0,0,0,,0,0,0,0,0,,0,0,0
A_none_r4_1785486108,base_pass2,A,none,uav_0,1785486108,True,155.70042824745178,False,True,,,,,,,,,,,1.0,,0.49421392731741776,3.8637301160439392,3.3695161887265215,0.07419883755735235,2.3239509644460155,2.249752126888663,0.0,1.0,1.0476,0.0828,0,0,0,0,0,,0,0,0,0,0,,0,0,0
A_none_r5_1785486328,base_pass2,A,none,uav_0,1785486328,True,157.23303532600403,False,True,,,,,,,,,,,1.0,,0.1292981939914455,3.711664474526742,3.5823662805352967,0.029570385510510278,2.449194168689227,2.4196237831787166,0.0,1.0,0.9763,0.0501,0,0,0,0,0,,0,0,0,0,0,,0,0,0
B_none_r1_1785486550,base_pass2,B,none,uav_0,1785486550,True,157.19096970558167,False,True,,,,,,,,,,,1.0,,2.886682573953067,25.960218202753083,23.073535628800016,3.902026099395691,25.927791934844215,22.025765835448524,0.0,1.0,1.0906,0.0307,0,0,0,0,0,,0,0,0,0,0,,0,0,0
B_none_r2_1785486772,base_pass2,B,none,uav_0,1785486772,True,157.2320432662964,False,True,,,,,,,,,,,1.0,,0.15634506090168543,3.5391701343866657,3.3828250734849803,0.01564702828715525,2.1914537881678506,2.1758067598806954,0.0,1.0,1.0339,0.0351,0,0,0,0,0,,0,0,0,0,0,,0,0,0
B_none_r3_1785486994,base_pass2,B,none,uav_0,1785486994,True,164.21310806274414,False,True,,,,,9.632110595703125e-05,,,,,,,,,,12.745758583952892,,,13.083915121691632,,,0.9903,0.0278,0,0,0,0,1,,0,0,0,0,3,heartbeat,0,3,0
B_none_r4_1785487217,base_pass2,B,none,uav_0,1785487217,True,157.1948869228363,False,True,,,48.195520639419556,,4.3392181396484375e-05,,,,,,0.6666666666666666,,190.00085114128456,194.09325259582891,4.092401454544358,232.15077240683803,234.32469012536006,2.1739177185220218,0.33333333333333337,0.6666666666666666,1.4266,0.143,0,0,0,7,7,,0,0,0,0,1,gps,1,0,0
B_none_r5_1785487439,base_pass2,B,none,uav_0,1785487439,True,157.2412121295929,False,True,,,,,,,,,,,1.0,,3.002594937956701,24.2232085949895,21.2206136570328,0.1076727593327611,2.291385634328048,2.1837128749952868,0.0,1.0,1.0153,0.039,0,0,0,0,0,,0,0,0,0,0,,0,0,0
C_none_r1_1785487661,base_pass2,C,none,uav_0,1785487661,True,157.69833827018738,False,True,,,,,,,,,,,1.0,,0.05788643833682272,3.644469583935006,3.5865831455981834,0.0,2.5236757104096954,2.617422947443529,0.0,1.0,1.0377,0.0417,0,0,0,0,0,,468,124505,936,0,0,,0,0,0
C_none_r2_1785487884,base_pass2,C,none,uav_0,1785487884,True,156.69607186317444,False,True,,,,,,,,,,,1.0,,0.0,3.150477544497221,3.5116954019184448,0.05590067375313712,2.8148930280885978,2.7589923543354606,0.0,1.0,1.0737,0.0306,0,0,0,0,0,,465,123742,930,0,0,,0,0,0
C_none_r3_1785488107,base_pass2,C,none,uav_0,1785488107,True,156.2049686908722,False,True,,,,,,,,,,,1.0,,0.0,2.1850129948434187,2.9789446511100266,0.11309987468610494,1.9273661663482962,1.8142662916621912,0.0,1.0,1.0305,0.052,0,0,0,0,0,,465,123726,930,0,0,,0,0,0
C_none_r4_1785488329,base_pass2,C,none,uav_0,1785488329,True,156.68679308891296,False,True,,,,,,,,,,,1.0,,0.0,2.906052243472004,2.9235262712859935,0.34944555602888583,2.4697008539186336,2.1202552978897478,0.0,1.0,1.0303,0.0409,0,0,0,0,0,,465,123721,930,0,0,,0,0,0
C_none_r5_1785488551,base_pass2,C,none,uav_0,1785488551,True,157.1974446773529,False,True,,,,,,,,,,,1.0,,0.10121738543625725,4.529122322675903,4.427904937239646,0.14436829127617257,2.6918346781552627,2.54746638687909,0.0,1.0,0.9854,0.0297,0,0,0,0,0,,468,124491,936,0,0,,0,0,0
A_none_r1_1785489076,base_pass3,A,none,uav_0,1785489076,True,157.18628120422363,False,True,,,,,,,,,,,1.0,,0.32532968518214034,3.226315938281175,2.9009862530990347,0.0,1.8903165060331284,2.001498452809141,0.0,1.0,1.0676,0.0413,0,0,0,0,0,,0,0,0,0,0,,0,0,0
A_none_r2_1785489298,base_pass3,A,none,uav_0,1785489298,True,156.7344958782196,False,True,,,,,,,,,,,1.0,,0.26832971345083934,3.408884243885666,3.1405545304348266,0.10034096527568304,1.7951208732894823,1.6947799080137993,0.0,1.0,1.0438,0.0295,0,0,0,0,0,,0,0,0,0,0,,0,0,0
A_none_r3_1785489519,base_pass3,A,none,uav_0,1785489519,True,156.19866251945496,False,True,,,,,,,,,,,1.0,,0.0,2.732296764236878,3.1767400516767452,0.054166839903759145,1.9512726261189424,1.8971057862151832,0.0,1.0,1.0511,0.0366,0,0,0,0,0,,0,0,0,0,0,,0,0,0
A_none_r4_1785489740,base_pass3,A,none,uav_0,1785489740,True,155.7110517024994,False,True,,,,,,,,,,,1.0,,0.0,2.881095934226039,2.9371278800591654,0.022113523122951895,1.6744048334649313,1.6522913103419794,0.0,1.0,1.0083,0.0308,0,0,0,0,0,,0,0,0,0,0,,0,0,0
A_none_r5_1785489960,base_pass3,A,none,uav_0,1785489960,True,157.21040058135986,False,True,,,,,,,,,,,1.0,,0.0,2.8100991803931947,2.8275070965498514,0.0,1.7683350863161134,1.8701769953727048,0.0,1.0,0.9406,0.0716,0,0,0,0,0,,0,0,0,0,0,,0,0,0
B_none_r1_1785490182,base_pass3,B,none,uav_0,1785490182,True,156.7203929424286,False,True,,,,,,,,,,,1.0,,0.30796082035743666,3.3893189600102005,3.081358139652764,0.0,1.5975023870063907,1.630286433582359,0.0,1.0,0.9731,0.0533,0,0,0,0,0,,0,0,0,0,0,,0,0,0
B_none_r2_1785490403,base_pass3,B,none,uav_0,1785490403,True,155.69411087036133,False,True,,,,,,,,,,,1.0,,0.2150217958660221,4.724409444692185,4.509387648826163,0.0,2.7374399680181485,2.8016440845492774,0.0,1.0,0.8843,0.0345,0,0,0,0,0,,0,0,0,0,0,,0,0,0
B_none_r3_1785490624,base_pass3,B,none,uav_0,1785490624,True,156.6907835006714,False,True,,,,,,,,,,,1.0,,0.0,3.2291329118336876,3.4690334945197208,0.059657995417558674,2.520744807490356,2.4610868120727973,0.0,1.0,0.9231,0.0538,0,0,0,0,0,,0,0,0,0,0,,0,0,0
B_none_r4_1785490845,base_pass3,B,none,uav_0,1785490845,True,157.21733498573303,False,True,,,,,,,,,,,1.0,,0.3338248601384919,3.2415453522299913,2.9077204920914994,0.012021876644064733,2.302687340511099,2.2906654638670343,0.0,1.0,0.9769,0.0307,0,0,0,0,0,,0,0,0,0,0,,0,0,0
B_none_r5_1785491067,base_pass3,B,none,uav_0,1785491067,True,157.20175766944885,False,True,,,,,,,,,,,1.0,,0.23389570618073208,3.1827551144405675,2.9488594082598354,0.0,1.6849165423861,1.6929521932182872,0.0,1.0,0.9624,0.0476,0,0,0,0,0,,0,0,0,0,0,,0,0,0
C_none_r1_1785491289,base_pass3,C,none,uav_0,1785491289,True,157.19888639450073,False,True,,,,,,,,,,,1.0,,0.5177097900194383,2.262086035660616,1.7443762456411775,0.258185540150045,1.4985536245147737,1.2403680843647287,0.0,1.0,1.1033,0.0368,0,0,0,0,0,,465,123696,930,0,0,,0,0,0
C_none_r2_1785491511,base_pass3,C,none,uav_0,1785491511,True,157.2238359451294,False,True,,,,,,,,,,,1.0,,0.0,2.847372727063373,3.0660107748474275,0.0,1.9550528695881042,2.019388362999831,0.0,1.0,0.9553,0.0348,0,0,0,0,0,,465,123758,930,0,0,,0,0,0
C_none_r3_1785491734,base_pass3,C,none,uav_0,1785491734,True,156.7162914276123,False,True,,,,,,,,,,,1.0,,0.30101437809631193,3.3719240157907393,3.0709096376944274,0.07758101073429602,2.6680445594496005,2.5904635487153045,0.0,1.0,1.0133,0.0443,0,0,0,0,0,,465,123720,930,0,0,,0,0,0
C_none_r4_1785491956,base_pass3,C,none,uav_0,1785491956,True,157.19164443016052,False,True,,,,,,,,,,,1.0,,0.0,1.49473652171298,2.1591550967156934,0.0,1.1520215454880685,1.216889623338269,0.0,1.0,1.0726,0.0473,0,0,0,0,0,,465,123711,930,0,0,,0,0,0
C_none_r5_1785492179,base_pass3,C,none,uav_0,1785492179,True,157.18678879737854,False,True,,,,,,,,,,,1.0,,0.5175215081568751,18.14349986293024,17.625978354773366,1.2258222159447385,17.031466058268013,15.805643842323274,0.0,1.0,0.917,0.0653,0,0,0,0,0,,468,124534,936,0,0,,0,0,0
A_none_r1_1785492704,base_pass4,A,none,uav_0,1785492704,True,157.6932065486908,False,True,,,,,,,,,,,1.0,,0.0,3.1524586423182086,3.185198775344162,0.0,2.1949433045118782,2.262129403639519,0.0,1.0,0.9628,0.0377,0,0,0,0,0,,0,0,0,0,0,,0,0,0
A_none_r2_1785492926,base_pass4,A,none,uav_0,1785492926,True,157.68113589286804,False,True,,,,,,,,,,,1.0,,0.096467547931951,11.851759941831858,11.755292393899907,0.2425758135833549,7.058438658459476,6.815862844876121,0.0,1.0,0.9667,0.0597,0,0,0,0,0,,0,0,0,0,0,,0,0,0
A_none_r3_1785493149,base_pass4,A,none,uav_0,1785493149,True,157.2070848941803,False,True,,,,,,,,,,,1.0,,0.0,3.290570133057372,3.32379579253697,0.13762158100205335,1.8812050027770422,1.7435834217749888,0.0,1.0,1.0159,0.0449,0,0,0,0,0,,0,0,0,0,0,,0,0,0
A_none_r4_1785493370,base_pass4,A,none,uav_0,1785493370,True,156.70541858673096,False,True,,,,,,,,,,,1.0,,2.418611760511908,12.944910426007823,10.526298665495915,12.321318326192214,22.701673902077786,10.380355575885572,0.0,1.0,1.0382,0.0757,0,0,0,0,0,,0,0,0,0,0,,0,0,0
A_none_r5_1785493592,base_pass4,A,none,uav_0,1785493592,True,156.70497059822083,False,True,,,,,,,,,,,1.0,,0.0,3.7066086443134623,3.8239551658815003,0.0,2.1571696082429157,2.175867483689016,0.0,1.0,1.1125,0.055,0,0,0,0,0,,0,0,0,0,0,,0,0,0
B_none_r1_1785493813,base_pass4,B,none,uav_0,1785493813,True,157.19724249839783,False,True,,,,,,,,,,,1.0,,0.2937054671778583,2.797375232789591,2.5036697656117326,0.0,1.9696553085555943,2.024080930576408,0.0,1.0,0.9591,0.0357,0,0,0,0,0,,0,0,0,0,0,,0,0,0
B_none_r2_1785494035,base_pass4,B,none,uav_0,1785494035,True,156.71877264976501,False,True,,,,,,,,,,,1.0,,0.025309502343787926,3.1727149634451735,3.1474054611013855,0.0,1.8204032850946519,1.8268219576131473,0.0,1.0,0.9699,0.0465,0,0,0,0,0,,0,0,0,0,0,,0,0,0
B_none_r3_1785494256,base_pass4,B,none,uav_0,1785494256,True,156.7114679813385,False,True,,,,,,,,,,,1.0,,0.0,2.9774426806624206,3.002592209750901,0.005499526844341851,2.0002470637320293,1.9947475368876875,0.0,1.0,1.0488,0.0582,0,0,0,0,0,,0,0,0,0,0,,0,0,0
B_none_r4_1785494478,base_pass4,B,none,uav_0,1785494478,True,157.22428250312805,False,True,,,,,,,,,,,1.0,,28.331909937101386,31.864431507193785,3.532521570092399,36.7199117085102,39.245231292426766,2.5253195839165654,0.33333333333333337,1.0,1.073,0.0593,0,0,0,0,0,,0,0,0,0,0,,0,0,0
B_none_r5_1785494699,base_pass4,B,none,uav_0,1785494699,True,156.69718551635742,False,True,,,,,,,,,,,1.0,,0.18039921502059997,14.679915277645307,14.499516062624707,0.0,9.141273762185298,22.0159563583661,0.0,1.0,4.1564,0.5432,0,0,0,0,0,,0,0,0,0,0,,0,0,0
C_none_r1_1785494921,base_pass4,C,none,uav_0,1785494921,True,156.68601846694946,False,True,,,,,,,,,,,1.0,,15.209422490041163,19.676783168560007,4.467360678518844,19.685842284327833,24.08997242731761,4.404130142989774,0.0,1.0,1.1168,0.0314,0,0,0,0,0,,465,123727,930,0,0,,0,0,0
C_none_r2_1785495143,base_pass4,C,none,uav_0,1785495143,True,157.21153140068054,False,True,,,,,,,,,,,1.0,,1.670331153515292,5.417175531015118,3.7468443774998264,0.125751318197584,3.0155985947527437,2.8898472765551597,0.0,1.0,0.9848,0.0302,0,0,0,0,0,,468,124516,936,0,0,,0,0,0
C_none_r3_1785495366,base_pass4,C,none,uav_0,1785495366,True,156.71526837348938,False,True,,,,,,,,,,,1.0,,0.7449947537726302,3.819562415000007,3.074567661227377,0.012789503005335101,1.8958215312256739,1.8830320282203388,0.0,1.0,0.9307,0.0342,0,0,0,0,0,,465,123703,930,0,0,,0,0,0
C_none_r4_1785495588,base_pass4,C,none,uav_0,1785495588,True,157.7102267742157,False,True,,,,,,,,,,,1.0,,0.0,4.041667299302958,4.043169591560144,2.2809944735540366,7.535635714129038,5.254641240575001,0.0,1.0,1.0987,0.039,0,0,0,0,0,,468,124532,936,0,0,,0,0,0
C_none_r5_1785495812,base_pass4,C,none,uav_0,1785495812,True,157.22082567214966,False,True,,,,,,,,,,,1.0,,0.0,3.669801454392939,3.6858690140534236,0.14731883092027864,2.0964064161678,1.9490875852475216,0.0,1.0,0.9762,0.0416,0,0,0,0,0,,468,124522,936,0,0,,0,0,0
A_none_r1_1785496337,base_pass5,A,none,uav_0,1785496337,True,157.20334577560425,False,True,,,,,,,,,,,1.0,,18.530297310021467,23.47438496349571,4.9440876534742415,20.434711735969124,25.148123351840773,4.7134116158716495,0.0,1.0,0.9893,0.0287,0,0,0,0,0,,0,0,0,0,0,,0,0,0
A_none_r2_1785496559,base_pass5,A,none,uav_0,1785496559,True,157.23316431045532,False,True,,,,,,,,,,,1.0,,0.0,2.4782248147543555,3.0058751652358353,0.1365040473982475,1.6918223383289415,1.555318290930694,0.0,1.0,0.8975,0.0645,0,0,0,0,0,,0,0,0,0,0,,0,0,0
A_none_r3_1785496781,base_pass5,A,none,uav_0,1785496781,True,157.21887183189392,False,True,,,,,,,,,,,1.0,,0.0,5.433833854839918,13.78299480203799,0.0,8.511222352694135,11.164121552451128,0.0,1.0,4.252,0.8112,0,0,0,0,0,,0,0,0,0,0,,0,0,0
A_none_r4_1785497002,base_pass5,A,none,uav_0,1785497002,True,155.7115261554718,False,True,,,,,,,,,,,1.0,,0.0,3.1119451035011707,3.2236386790591496,0.03803525841550526,2.1200629997008673,2.082027741285362,0.0,1.0,0.9636,0.0371,0,0,0,0,0,,0,0,0,0,0,,0,0,0
A_none_r5_1785497223,base_pass5,A,none,uav_0,1785497223,True,157.1753466129303,False,True,,,,,,,,,,,1.0,,0.0,22.837809882503507,23.177754033791103,4.980149531068106,18.54650755726185,13.566358026193745,0.0,1.0,1.0537,0.0439,0,0,0,0,0,,0,0,0,0,0,,0,0,0
B_none_r1_1785497444,base_pass5,B,none,uav_0,1785497444,True,155.6919732093811,False,True,,,,,,,,,,,1.0,,0.4267946134815759,4.4184172612517045,3.9916226477701287,0.0,2.7227441580034593,2.749547339251982,0.0,1.0,1.0076,0.05,0,0,0,0,0,,0,0,0,0,0,,0,0,0
B_none_r2_1785497665,base_pass5,B,none,uav_0,1785497665,True,156.2301378250122,False,True,,,,,,,,,,,1.0,,0.45252779731936243,17.338458096963507,16.885930299644144,0.0,11.794297283153707,16.6304650443373,0.0,1.0,1.0953,0.0551,0,0,0,0,0,,0,0,0,0,0,,0,0,0
B_none_r3_1785497885,base_pass5,B,none,uav_0,1785497885,True,155.68911385536194,False,True,,,,,,,,,,,1.0,,0.37767089121652475,4.0061594418614845,3.62848855064496,0.24573043631432423,2.8083936354405425,2.5626631991262183,0.0,1.0,1.078,0.0468,0,0,0,0,0,,0,0,0,0,0,,0,0,0
B_none_r4_1785498106,base_pass5,B,none,uav_0,1785498106,True,157.20247745513916,False,True,,,,,,,,,,,1.0,,0.1613567838522556,2.8983524088187664,2.736995624966511,0.0,1.898924223418138,2.0449284935155188,0.0,1.0,0.9935,0.0402,0,0,0,0,0,,0,0,0,0,0,,0,0,0
B_none_r5_1785498327,base_pass5,B,none,uav_0,1785498327,True,156.70134472846985,False,True,,,,,,,,,,,1.0,,0.0,3.6407401879175723,3.9623268300389327,0.03979343850622996,2.4025696909075434,2.3627762524013134,0.0,1.0,1.0637,0.0503,0,0,0,0,0,,0,0,0,0,0,,0,0,0
C_none_r1_1785498549,base_pass5,C,none,uav_0,1785498549,True,157.1850221157074,False,True,,,,,,,,,,,1.0,,0.0,2.9139444445412437,3.173007770666544,0.015372144122142606,2.0045053212445914,1.9891331771224487,0.0,1.0,1.0207,0.0254,0,0,0,0,0,,468,124501,936,0,0,,0,0,0
C_none_r2_1785498771,base_pass5,C,none,uav_0,1785498771,True,157.69620013237,False,True,,,,,,,,,,,1.0,,0.0,3.035835666432831,3.3814142766884174,0.4524785392604511,2.275074010469426,1.8225954712089747,0.0,1.0,1.1559,0.0352,0,0,0,0,0,,468,124488,936,0,0,,0,0,0
C_none_r3_1785498995,base_pass5,C,none,uav_0,1785498995,True,156.70343804359436,False,True,,,,,,,,,,,1.0,,0.19093520775578554,3.4854666785403197,3.294531470784534,0.0,1.950638296840122,2.3916132543295934,0.0,1.0,0.9637,0.0473,0,0,0,0,0,,465,123664,930,0,0,,0,0,0
C_none_r4_1785499217,base_pass5,C,none,uav_0,1785499217,True,156.69913744926453,False,True,,,,,,,,,,,1.0,,0.46575194256689656,2.7736520070945403,2.3079000645276437,0.26709730836689927,1.6140385910123907,1.3469412826454914,0.0,1.0,0.9386,0.0366,0,0,0,0,0,,465,123711,930,0,0,,0,0,0
C_none_r5_1785499439,base_pass5,C,none,uav_0,1785499439,True,158.2015507221222,False,True,,,,,,,,,,,1.0,,0.11606195378547568,4.328345410584916,4.21228345679944,0.0,1.9733345355795977,2.058543674248197,0.0,1.0,1.0239,0.0321,0,0,0,0,0,,468,124538,936,0,0,,0,0,0
A_none_r1_1785499965,base_pass6,A,none,uav_0,1785499965,True,157.19643354415894,False,True,,,,,,,,,,,1.0,,0.0,24.87725038253484,25.32367475402563,0.36535959017095365,3.228511718523883,2.8631521283529295,0.0,1.0,0.9911,0.035,0,0,0,0,0,,0,0,0,0,0,,0,0,0
A_none_r2_1785500187,base_pass6,A,none,uav_0,1785500187,True,156.70839428901672,False,True,,,,,,,,,,,1.0,,0.12831383239600314,2.536611533609573,2.40829770121357,0.0,2.17545191886663,2.2880048100442147,0.0,1.0,1.0283,0.0404,0,0,0,0,0,,0,0,0,0,0,,0,0,0
A_none_r3_1785500408,base_pass6,A,none,uav_0,1785500408,True,157.1933970451355,False,True,,,,,,,,,,,1.0,,0.0,22.197678891079477,22.950394540503453,0.1874257278121476,7.11370836218213,6.926282634369983,0.0,1.0,0.944,0.0344,0,0,0,0,1,,0,0,0,0,0,,0,0,0
A_none_r4_1785500630,base_pass6,A,none,uav_0,1785500630,True,157.21950483322144,False,True,,,,,,,,,,,1.0,,0.6098514496212033,3.7745736269188797,3.1647221772976764,0.003390913462772538,2.1143090755244947,2.110918162061722,0.0,1.0,1.1335,0.0365,0,0,0,0,0,,0,0,0,0,0,,0,0,0
A_none_r5_1785500852,base_pass6,A,none,uav_0,1785500852,True,157.2125322818756,False,True,,,,,,,,,,,1.0,,0.47177977753850087,23.91759847256975,23.44581869503125,0.0,6.142413517823215,6.234107731481359,0.0,1.0,1.0627,0.0379,0,0,0,0,0,,0,0,0,0,0,,0,0,0
B_none_r1_1785501074,base_pass6,B,none,uav_0,1785501074,True,155.71628284454346,False,True,,,,,,,,,,,1.0,,0.3435884656727808,4.174249608153104,3.8306611424803236,0.015553341363043982,1.9766807611492485,1.9611274197862045,0.0,1.0,0.9644,0.0346,0,0,0,0,0,,0,0,0,0,0,,0,0,0
B_none_r2_1785501294,base_pass6,B,none,uav_0,1785501294,True,156.70909094810486,False,True,,,,,,,,,,,1.0,,0.21974632176159048,3.534052374374994,3.3143060526134036,0.0,2.1107766916822586,2.1490066331387645,0.0,1.0,1.0656,0.0415,0,0,0,0,0,,0,0,0,0,0,,0,0,0
B_none_r3_1785501516,base_pass6,B,none,uav_0,1785501516,True,156.2413341999054,False,True,,,,,,,,,,,1.0,,0.0,3.8305894269485634,3.8538304940449564,0.0033149338051030597,2.8344673822501507,2.8311524484450477,0.0,1.0,0.9812,0.0317,0,0,0,0,0,,0,0,0,0,0,,0,0,0
B_none_r4_1785501736,base_pass6,B,none,uav_0,1785501736,True,156.66749334335327,False,True,,,,,,,,,,,1.0,,2.4736204824182266,13.775426251155352,11.301805768737125,1.871973659036108,21.270740255247755,19.398766596211647,0.0,1.0,0.982,0.0606,0,0,0,0,0,,0,0,0,0,0,,0,0,0
B_none_r5_1785501957,base_pass6,B,none,uav_0,1785501957,True,157.20222282409668,False,True,,,,,,,,,,,1.0,,0.14911744306471064,2.769349952733876,2.620232509669165,0.0,1.7312989110729515,1.786201933619964,0.0,1.0,0.9097,0.0322,0,0,0,0,0,,0,0,0,0,0,,0,0,0
C_none_r1_1785502179,base_pass6,C,none,uav_0,1785502179,True,158.19099402427673,False,True,,,,,,,,,,,1.0,,0.0,3.675158531859722,3.7445669255095595,0.04798223050034345,2.3195058682997844,2.271523637799441,0.0,1.0,1.0428,0.0759,0,0,0,0,0,,468,124522,936,0,0,,0,0,0
C_none_r2_1785502403,base_pass6,C,none,uav_0,1785502403,True,156.22221875190735,False,True,,,,,,,,,,,1.0,,0.20148471860778727,3.935151801429697,3.73366708282191,2.1744211240676097,4.37755566389752,2.2031345398299105,0.0,1.0,1.0116,0.0283,0,0,0,0,0,,465,123708,930,0,0,,0,0,0
C_none_r3_1785502625,base_pass6,C,none,uav_0,1785502625,True,157.70039796829224,False,True,,,,,,,,,,,1.0,,0.3510725411746307,2.297980026162463,1.9469074849878325,0.0,2.2385095675426974,2.280699961651801,0.0,1.0,0.9968,0.0234,0,0,0,0,0,,468,124484,936,0,0,,0,0,0
C_none_r4_1785502848,base_pass6,C,none,uav_0,1785502848,True,157.2059166431427,False,True,,,,,,,,,,,1.0,,0.0,2.594411984680562,2.79524200394593,0.08941289572099365,2.2373453595402797,2.147932463819286,0.0,1.0,1.0265,0.0322,0,0,0,0,0,,465,123698,930,0,0,,0,0,0
C_none_r5_1785503071,base_pass6,C,none,uav_0,1785503071,True,156.6953444480896,False,True,,,,,,,,,,,1.0,,0.2743293300702305,3.719517303929706,3.4451879738594755,0.1171791979690866,1.973283401104303,1.8561042031352164,0.0,1.0,1.0166,0.0381,0,0,0,0,0,,465,123705,930,0,0,,0,0,0
